Workbook

Sheet Sheet1
C1: Premier League | E1: Europe | G1: FA Cup | I1: EFL Cup | K1: Community Shield | M1: Total
A2: # | B2: Name | C2: Apps | D2: Goals | E2: Apps | F2: Goals | G2: Apps | H2: Goals | I2: Apps | J2: Goals | K2: Apps | L2: Goals | M2: Apps | N2: Goals
A3: 1 | B3: CECH Petr | C3: 103 | D3: 0 | E3: 8 | F3: 0 | G3: 3 | H3: 0 | I3: 1 | J3: 0 | K3: 2 | L3: 0 | M3: 117 | N3: 0
A4: 2 | B4: BELLERIN Hector | C4: 122 | D4: 6 | E4: 21 | F4: 1 | G4: 8 | H4: 0 | I4: 3 | J4: 0 | K4: 2 | L4: 0 | M4: 156 | N4: 7
A5: 4 | B5: ELNENY Mohamed | C5: 37 | D5: 0 | E5: 17 | F5: 2 | G5: 7 | H5: 0 | I5: 7 | J5: 0 | K5: 1 | L5: 0 | M5: 69 | N5: 2
A6: 6 | B6: KOSCIELNY Laurent | C6: 238 | D6: 19 | E6: 48 | F6: 2 | G6: 22 | H6: 1 | I6: 10 | J6: 2 | K6: 2 | L6: 0 | M6: 320 | N6: 24
A7: 7 | B7: MKHITARYAN Henrikh | C7: 11 | D7: 2 | E7: 5 | F7: 1 | G7: 0 | H7: 0 | I7: 0 | J7: 0 | K7: 0 | L7: 0 | M7: 16 | N7: 3
A8: 8 | B8: RAMSEY Aaron | C8: 235 | D8: 36 | E8: 54 | F8: 15 | G8: 25 | H8: 6 | I8: 11 | J8: 0 | K8: 2 | L8: 1 | M8: 327 | N8: 58
A9: 9 | B9: LACAZETTE Alexandre | C9: 31 | D9: 14 | E9: 2 | F9: 2 | G9: 0 | H9: 0 | I9: 1 | J9: 0 | K9: 1 | L9: 0 | M9: 35 | N9: 16
A10: 10 | B10: WILSHERE Jack | C10: 125 | D10: 7 | E10: 38 | F10: 5 | G10: 13 | H10: 1 | I10: 17 | J10: 1 | K10: 1 | L10: 0 | M10: 194 | N10: 14
A11: 11 | B11: OZIL Mesut | C11: 142 | D11: 27 | E11: 34 | F11: 8 | G11: 15 | H11: 2 | I11: 2 | J11: 0 | K11: 1 | L11: 0 | M11: 194 | N11: 37
A12: 12 | B12: LICHSTEINER Stephan | C12: 0 | D12: 0 | E12: 0 | F12: 0 | G12: 0 | H12: 0 | I12: 0 | J12: 0 | K12: 0 | L12: 0 | M12: 0 | N12: 0
A13: 13 | B13: OSPINA David | C13: 28 | D13: 0 | E13: 21 | F13: 0 | G13: 10 | H13: 0 | I13: 6 | J13: 0 | K13: 0 | L13: 0 | M13: 65 | N13: 0
A14: 14 | B14: AUBAMEYANG Pierre-Emerick | C14: 13 | D14: 10 | E14: 0 | F14: 0 | G14: 0 | H14: 0 | I14: 1 | J14: 0 | K14: 0 | L14: 0 | M14: 14 | N14: 10
... A24: 27 | B24: MAVROPANOS Konstantinos | C24: 3 | D24: 0 | E24: 0 | F24: 0 | G24: 0 | H24: 0 | I24: 0 | J24: 0 | K24: 0 | L24: 0 | M24: 3 | N24: 0
A25: - | B25: CAMPBELL Joel | C25: 23 | D25: 3 | E25: 8 | F25: 0 | G25: 4 | H25: 1 | I25: 3 | J25: 0 | K25: 1 | L25: 0 | M25: 39 | N25: 4
A26: 28 | B26: PEREZ Lucas | C26: 12 | D26: 1 | E26: 3 | F26: 3 | G26: 4 | H26: 1 | I26: 3 | J26: 2 | K26: 0 | L26: 0 | M26: 22 | N26: 7
A27: 30 | B27: MAITLAND-NILES Ainsley | C27: 18 | D27: 0 | E27: 10 | F27: 0 | G27: 5 | H27: 0 | I27: 6 | J27: 0 | K27: 0 | L27: 0 | M27: 39 | N27: 0
A28: 31 | B28: KOLASINAC Sead | C28: 26 | D28: 2 | E28: 5 | F28: 2 | G28: 0 | H28: 0 | I28: 2 | J28: 0 | K28: 1 | L28: 1 | M28: 34 | N28: 5
A29: 32 | B29: AKPOM Chuba | C29: 3 | D29: 0 | E29: 0 | F29: 0 | G29: 4 | H29: 0 | I29: 3 | J29: 0 | K29: 0 | L29: 0 | M29: 10 | N29: 0
A30: 34 | B30: XHAKA Granit | C30: 70 | D30: 3 | E30: 11 | F30: 2 | G30: 5 | H30: 0 | I30: 4 | J30: 1 | K30: 1 | L30: 0 | M30: 91 | N30: 6
A31: 37 | B31: BIELIK Krystian | C31: 0 | D31: 0 | E31: 0 | F31: 0 | G31: 0 | H31: 0 | I31: 2 | J31: 0 | K31: 0 | L31: 0 | M31: 2 | N31: 0
A32: 40 | B32: ZELALEM Gedion | C32: 0 | D32: 0 | E32: 1 | F32: 0 | G32: 0 | H32: 0 | I32: 3 | J32: 0 | K32: 0 | L32: 0 | M32: 4 | N32: 0
A33: 43 | B33: DA SILVA Joshua | C33: 0 | D33: 0 | E33: 0 | F33: 0 | G33: 0 | H33: 0 | I33: 3 | J33: 0 | K33: 0 | L33: 0 | M33: 3 | N33: 0
A34: 54 | B34: MACEY Matt | C34: 0 | D34: 0 | E34: 0 | F34: 0 | G34: 0 | H34: 0 | I34: 1 | J34: 0 | K34: 0 | L34: 0 | M34: 1 | N34: 0
A35: 61 | B35: NELSON Reiss | C35: 0 | D35: 0 | E35: 8 | F35: 0 | G35: 0 | H35: 0 | I35: 3 | J35: 0 | K35: 1 | L35: 0 | M35: 12 | N35: 0
A36: 62 | B36: NKETIAH Eddie | C36: 0 | D36: 0 | E36: 5 | F36: 0 | G36: 0 | H36: 0 | I36: 1 | J36: 2 | K36: 0 | L36: 0 | M36: 6 | N36: 2
A37: 65 | B37: SHEAF Ben | C37: 0 | D37: 0 | E37: 1 | F37: 0 | G37: 0 | H37: 0 | I37: 1 | J37: 0 | K37: 0 | L37: 0 | M37: 2 | N37: 0
A38: 69 | B38: WILLOCK Joe | C38: 0 | D38: 0 | E38: 5 | F38: 0 | G38: 0 | H38: 0 | I38: 3 | J38: 0 | K38: 0 | L38: 0 | M38: 8 | N38: 0

Sheet #
B3: PREMIER LEAGUE | N3: EUROPE | Z3: FA CUP | AL3: LEAGUE CUP
AX4: COMMUNITY SHIELD
A5: nr | B5: name | Z5: name | AL5: name
A6: 1 | B6: RAYA David | C6: 107 | D6: 0 | E6: 0 | G6: ='Apps & Goals 26-27'!C4 -> 6 | H6: ='Apps & Goals 26-27'!D4 -> 0 | I6: ='Apps & Goals 26-27'!E4 -> 0 | J6: =G6+C6 -> 113 | K6: =H6+D6 -> 0 | L6: =I6+E6 -> 0 | M6: 1 | N6: RAYA David | O6: 36 | P6: 0 | Q6: 0 | S6: ='Apps & Goals 26-27'!F4 -> 1 | T6: ='Apps & Goals 26-27'!G4 -> 0 | U6: ='Apps & Goals 26-27'!H4 -> 0 | V6: =S6+O6 -> 37 | W6: =T6+P6 -> 0 | X6: =U6+Q6 -> 0 | Z6: RAYA David | AA6: 1 | AB6: 0 | AC6: 0 | AE6: ='Apps & Goals 26-27'!I4 -> 0 | AF6: ='Apps & Goals 26-27'!J4 -> 0 | AG6: ='Apps & Goals 26-27'!K4 -> 0 | AH6: =AE6+AA6 -> 1 | AI6: =AF6+AB6 -> 0 | AJ6: =AG6+AC6 -> 0 | AL6: RAYA David | AM6: 3 | AN6: 0 | AO6: 0 | AQ6: ='Apps & Goals 26-27'!L4 -> 0 | AR6: ='Apps & Goals 26-27'!M4 -> 0 | AS6: ='Apps & Goals 26-27'!N4 -> 0 | AT6: =AQ6+AM6 -> 3 | AU6: =AR6+AN6 -> 0 | AV6: =AS6+AO6 -> 0 | AX6: RAYA David | AY6: 0 | AZ6: 0 | BA6: 0 | BC6: ='Apps & Goals 26-27'!O4 -> 1 | BD6: ='Apps & Goals 26-27'!P4 -> 0 | BE6: ='Apps & Goals 26-27'!Q4 -> 0 | BF6: =BC6+AY6 -> 1 | BG6: =BD6+AZ6 -> 0 | BH6: =BE6+BA6 -> 0
A7: 2 | B7: SALIBA William | C7: 131 | D7: 7 | E7: 2 | G7: ='Apps & Goals 26-27'!C5 -> 0 | H7: ='Apps & Goals 26-27'!D5 -> 0 | I7: ='Apps & Goals 26-27'!E5 -> 0 | J7: =G7+C7 -> 131 | K7: =H7+D7 -> 7 | L7: =I7+E7 -> 2 | M7: 2 | N7: SALIBA William | O7: 37 | P7: 1 | Q7: 0 | S7: ='Apps & Goals 26-27'!F5 -> 0 | T7: ='Apps & Goals 26-27'!G5 -> 0 | U7: ='Apps & Goals 26-27'!H5 -> 0 | V7: =S7+O7 -> 37 | W7: =T7+P7 -> 1 | X7: =U7+Q7 -> 0 | Z7: SALIBA William | AA7: 5 | AB7: 0 | AC7: 0 | AE7: ='Apps & Goals 26-27'!I5 -> 0 | AF7: ='Apps & Goals 26-27'!J5 -> 0 | AG7: ='Apps & Goals 26-27'!K5 -> 0 | AH7: =AE7+AA7 -> 5 | AI7: =AF7+AB7 -> 0 | AJ7: =AG7+AC7 -> 0 | AL7: SALIBA William | AM7: 10 | AN7: 0 | AO7: 1 | AQ7: ='Apps & Goals 26-27'!L5 -> 0 | AR7: ='Apps & Goals 26-27'!M5 -> 0 | AS7: ='Apps & Goals 26-27'!N5 -> 0 | AT7: =AQ7+AM7 -> 10 | AU7: =AR7+AN7 -> 0 | AV7: =AS7+AO7 -> 1 | AX7: SALIBA William | AY7: 1 | AZ7: 0 | BA7: 0 | BC7: ='Apps & Goals 26-27'!O5 -> 0 | BD7: ='Apps & Goals 26-27'!P5 -> 0 | BE7: ='Apps & Goals 26-27'!Q5 -> 0 | BF7: =BC7+AY7 -> 1 | BG7: =BD7+AZ7 -> 0 | BH7: =BE7+BA7 -> 0
A8: 3 | B8: MOSQUERA Cristhian | C8: 20 | D8: 0 | E8: 0 | G8: ='Apps & Goals 26-27'!C6 -> 2 | H8: ='Apps & Goals 26-27'!D6 -> 0 | I8: ='Apps & Goals 26-27'!E6 -> 0 | J8: =G8+C8 -> 22 | K8: =H8+D8 -> 0 | L8: =I8+E8 -> 0 | M8: 3 | N8: MOSQUERA Cristhian | O8: 10 | P8: 0 | Q8: 0 | S8: ='Apps & Goals 26-27'!F6 -> 0 | T8: ='Apps & Goals 26-27'!G6 -> 0 | U8: ='Apps & Goals 26-27'!H6 -> 0 | V8: =S8+O8 -> 10 | W8: =T8+P8 -> 0 | X8: =U8+Q8 -> 0 | Z8: MOSQUERA Cristhian | AA8: 3 | AB8: 0 | AC8: 0 | AE8: ='Apps & Goals 26-27'!I6 -> 0 | AF8: ='Apps & Goals 26-27'!J6 -> 0 | AG8: ='Apps & Goals 26-27'!K6 -> 0 | AH8: =AE8+AA8 -> 3 | AI8: =AF8+AB8 -> 0 | AJ8: =AG8+AC8 -> 0 | AL8: MOSQUERA Cristhian | AM8: 2 | AN8: 0 | AO8: 0 | AQ8: ='Apps & Goals 26-27'!L6 -> 0 | AR8: ='Apps & Goals 26-27'!M6 -> 0 | AS8: ='Apps & Goals 26-27'!N6 -> 0 | AT8: =AQ8+AM8 -> 2 | AU8: =AR8+AN8 -> 0 | AV8: =AS8+AO8 -> 0 | AX8: MOSQUERA Cristhian | AY8: 0 | AZ8: 0 | BA8: 0 | BC8: ='Apps & Goals 26-27'!O6 -> 1 | BD8: ='Apps & Goals 26-27'!P6 -> 0 | BE8: ='Apps & Goals 26-27'!Q6 -> 0 | BF8: =BC8+AY8 -> 1 | BG8: =BD8+AZ8 -> 0 | BH8: =BE8+BA8 -> 0
A9: 4 | B9: WHITE Ben | C9: 136 | D9: 6 | E9: 12 | G9: ='Apps & Goals 26-27'!C7 -> 5 | H9: ='Apps & Goals 26-27'!D7 -> 0 | I9: ='Apps & Goals 26-27'!E7 -> 2 | J9: =G9+C9 -> 141 | K9: =H9+D9 -> 6 | L9: =I9+E9 -> 14 | M9: 4 | N9: WHITE Ben | O9: 37 | P9: 0 | Q9: 2 | S9: ='Apps & Goals 26-27'!F7 -> 1 | T9: ='Apps & Goals 26-27'!G7 -> 0 | U9: ='Apps & Goals 26-27'!H7 -> 0 | V9: =S9+O9 -> 38 | W9: =T9+P9 -> 0 | X9: =U9+Q9 -> 2 | Z9: WHITE Ben | AA9: 6 | AB9: 0 | AC9: 0 | AE9: ='Apps & Goals 26-27'!I7 -> 0 | AF9: ='Apps & Goals 26-27'!J7 -> 0 | AG9: ='Apps & Goals 26-27'!K7 -> 0 | AH9: =AE9+AA9 -> 6 | AI9: =AF9+AB9 -> 0 | AJ9: =AG9+AC9 -> 0 | AL9: WHITE Ben | AM9: 10 | AN9: 1 | AO9: 0 | AQ9: ='Apps & Goals 26-27'!L7 -> 0 | AR9: ='Apps & Goals 26-27'!M7 -> 0 | AS9: ='Apps & Goals 26-27'!N7 -> 0 | AT9: =AQ9+AM9 -> 10 | AU9: =AR9+AN9 -> 1 | AV9: =AS9+AO9 -> 0 | AX9: WHITE Ben | AY9: 1 | AZ9: 0 | BA9: 0 | BC9: ='Apps & Goals 26-27'!O7 -> 1 | BD9: ='Apps & Goals 26-27'!P7 -> 0 | BE9: ='Apps & Goals 26-27'!Q7 -> 0 | BF9: =BC9+AY9 -> 2 | BG9: =BD9+AZ9 -> 0 | BH9: =BE9+BA9 -> 0
A10: 5 | B10: HINCAPIE Piero | C10: 25 | D10: 1 | E10: 2 | G10: ='Apps & Goals 26-27'!C8 -> 3 | H10: ='Apps & Goals 26-27'!D8 -> 0 | I10: ='Apps & Goals 26-27'!E8 -> 0 | J10: =G10+C10 -> 28 | K10: =H10+D10 -> 1 | L10: =I10+E10 -> 2 | M10: 5 | N10: HINCAPIE Piero | O10: 10 | P10: 0 | Q10: 0 | S10: ='Apps & Goals 26-27'!F8 -> 1 | T10: ='Apps & Goals 26-27'!G8 -> 0 | U10: ='Apps & Goals 26-27'!H8 -> 0 | V10: =S10+O10 -> 11 | W10: =T10+P10 -> 0 | X10: =U10+Q10 -> 0 | Z10: HINCAPIE Piero | AA10: 1 | AB10: 0 | AC10: 0 | AE10: ='Apps & Goals 26-27'!I8 -> 0 | AF10: ='Apps & Goals 26-27'!J8 -> 0 | AG10: ='Apps & Goals 26-27'!K8 -> 0 | AH10: =AE10+AA10 -> 1 | AI10: =AF10+AB10 -> 0 | AJ10: =AG10+AC10 -> 0 | AL10: HINCAPIE Piero | AM10: 3 | AN10: 0 | AO10: 0 | AQ10: ='Apps & Goals 26-27'!L8 -> 0 | AR10: ='Apps & Goals 26-27'!M8 -> 0 | AS10: ='Apps & Goals 26-27'!N8 -> 0 | AT10: =AQ10+AM10 -> 3 | AU10: =AR10+AN10 -> 0 | AV10: =AS10+AO10 -> 0 | AX10: HINCAPIE Piero | AY10: 0 | AZ10: 0 | BA10: 0 | BC10: ='Apps & Goals 26-27'!O8 -> 1 | BD10: ='Apps & Goals 26-27'!P8 -> 0 | BE10: ='Apps & Goals 26-27'!Q8 -> 0 | BF10: =BC10+AY10 -> 1 | BG10: =BD10+AZ10 -> 0 | BH10: =BE10+BA10 -> 0
A11: 6 | B11: GABRIEL | C11: 192 | D11: 20 | E11: 5 | G11: ='Apps & Goals 26-27'!C9 -> 6 | H11: ='Apps & Goals 26-27'!D9 -> 0 | I11: ='Apps & Goals 26-27'!E9 -> 0 | J11: =G11+C11 -> 198 | K11: =H11+D11 -> 20 | L11: =I11+E11 -> 5 | M11: 6 | N11: GABRIEL | O11: 44 | P11: 3 | Q11: 1 | S11: ='Apps & Goals 26-27'!F9 -> 1 | T11: ='Apps & Goals 26-27'!G9 -> 0 | U11: ='Apps & Goals 26-27'!H9 -> 0 | V11: =S11+O11 -> 45 | W11: =T11+P11 -> 3 | X11: =U11+Q11 -> 1 | Z11: GABRIEL | AA11: 7 | AB11: 1 | AC11: 0 | AE11: ='Apps & Goals 26-27'!I9 -> 0 | AF11: ='Apps & Goals 26-27'!J9 -> 0 | AG11: ='Apps & Goals 26-27'!K9 -> 0 | AH11: =AE11+AA11 -> 7 | AI11: =AF11+AB11 -> 1 | AJ11: =AG11+AC11 -> 0 | AL11: GABRIEL | AM11: 17 | AN11: 0 | AO11: 0 | AQ11: ='Apps & Goals 26-27'!L9 -> 1 | AR11: ='Apps & Goals 26-27'!M9 -> 0 | AS11: ='Apps & Goals 26-27'!N9 -> 0 | AT11: =AQ11+AM11 -> 18 | AU11: =AR11+AN11 -> 0 | AV11: =AS11+AO11 -> 0 | AX11: GABRIEL | AY11: 1 | AZ11: 0 | BA11: 0 | BC11: ='Apps & Goals 26-27'!O9 -> 1 | BD11: ='Apps & Goals 26-27'!P9 -> 0 | BE11: ='Apps & Goals 26-27'!Q9 -> 0 | BF11: =BC11+AY11 -> 2 | BG11: =BD11+AZ11 -> 0 | BH11: =BE11+BA11 -> 0
A12: 7 | B12: SAKA Bukayo | C12: 226 | D12: 60 | E12: 50 | G12: ='Apps & Goals 26-27'!C10 -> 6 | H12: ='Apps & Goals 26-27'!D10 -> 3 | I12: ='Apps & Goals 26-27'!E10 -> 0 | J12: =G12+C12 -> 232 | K12: =H12+D12 -> 63 | L12: =I12+E12 -> 50 | M12: 7 | N12: SAKA Bukayo | O12: 54 | P12: 18 | Q12: 15 | S12: ='Apps & Goals 26-27'!F10 -> 1 | T12: ='Apps & Goals 26-27'!G10 -> 0 | U12: ='Apps & Goals 26-27'!H10 -> 0 | V12: =S12+O12 -> 55 | W12: =T12+P12 -> 18 | X12: =U12+Q12 -> 15 | Z12: SAKA Bukayo | AA12: 13 | AB12: 1 | AC12: 1 | AE12: ='Apps & Goals 26-27'!I10 -> 0 | AF12: ='Apps & Goals 26-27'!J10 -> 0 | AG12: ='Apps & Goals 26-27'!K10 -> 0 | AH12: =AE12+AA12 -> 13 | AI12: =AF12+AB12 -> 1 | AJ12: =AG12+AC12 -> 1 | AL12: SAKA Bukayo | AM12: 17 | AN12: 2 | AO12: 2 | AQ12: ='Apps & Goals 26-27'!L10 -> 0 | AR12: ='Apps & Goals 26-27'!M10 -> 0 | AS12: ='Apps & Goals 26-27'!N10 -> 0 | AT12: =AQ12+AM12 -> 17 | AU12: =AR12+AN12 -> 2 | AV12: =AS12+AO12 -> 2 | AX12: SAKA Bukayo | AY12: 2 | AZ12: 0 | BA12: 2 | BC12: ='Apps & Goals 26-27'!O10 -> 1 | BD12: ='Apps & Goals 26-27'!P10 -> 0 | BE12: ='Apps & Goals 26-27'!Q10 -> 0 | BF12: =BC12+AY12 -> 3 | BG12: =BD12+AZ12 -> 0 | BH12: =BE12+BA12 -> 2
A13: 8 | B13: ODEGAARD Martin | C13: 176 | D13: 35 | E13: 37 | G13: ='Apps & Goals 26-27'!C11 -> 6 | H13: ='Apps & Goals 26-27'!D11 -> 2 | I13: ='Apps & Goals 26-27'!E11 -> 0 | J13: =G13+C13 -> 182 | K13: =H13+D13 -> 37 | L13: =I13+E13 -> 37 | M13: 8 | N13: ODEGAARD Martin | O13: 41 | P13: 6 | Q13: 3 | S13: ='Apps & Goals 26-27'!F11 -> 1 | T13: ='Apps & Goals 26-27'!G11 -> 1 | U13: ='Apps & Goals 26-27'!H11 -> 0 | V13: =S13+O13 -> 42 | W13: =T13+P13 -> 7 | X13: =U13+Q13 -> 3 | Z13: ODEGAARD Martin | AA13: 6 | AB13: 0 | AC13: 0 | AE13: ='Apps & Goals 26-27'!I11 -> 0 | AF13: ='Apps & Goals 26-27'!J11 -> 0 | AG13: ='Apps & Goals 26-27'!K11 -> 0 | AH13: =AE13+AA13 -> 6 | AI13: =AF13+AB13 -> 0 | AJ13: =AG13+AC13 -> 0 | AL13: ODEGAARD Martin | AM13: 10 | AN13: 1 | AO13: 3 | AQ13: ='Apps & Goals 26-27'!L11 -> 1 | AR13: ='Apps & Goals 26-27'!M11 -> 0 | AS13: ='Apps & Goals 26-27'!N11 -> 0 | AT13: =AQ13+AM13 -> 11 | AU13: =AR13+AN13 -> 1 | AV13: =AS13+AO13 -> 3 | AX13: ODEGAARD Martin | AY13: 1 | AZ13: 0 | BA13: 0 | BC13: ='Apps & Goals 26-27'!O11 -> 1 | BD13: ='Apps & Goals 26-27'!P11 -> 1 | BE13: ='Apps & Goals 26-27'!Q11 -> 0 | BF13: =BC13+AY13 -> 2 | BG13: =BD13+AZ13 -> 1 | BH13: =BE13+BA13 -> 0
A14: 10 | B14: EZE Eberechi | C14: 32 | D14: 7 | E14: 2 | G14: ='Apps & Goals 26-27'!C12 -> 4 | H14: ='Apps & Goals 26-27'!D12 -> 0 | I14: ='Apps & Goals 26-27'!E12 -> 0 | J14: =G14+C14 -> 36 | K14: =H14+D14 -> 7 | L14: =I14+E14 -> 2 | M14: 10 | N14: EZE Eberechi | O14: 13 | P14: 1 | Q14: 1 | S14: ='Apps & Goals 26-27'!F12 -> 1 | T14: ='Apps & Goals 26-27'!G12 -> 0 | U14: ='Apps & Goals 26-27'!H12 -> 0 | V14: =S14+O14 -> 14 | W14: =T14+P14 -> 1 | X14: =U14+Q14 -> 1 | Z14: EZE Eberechi | AA14: 3 | AB14: 1 | AC14: 2 | AE14: ='Apps & Goals 26-27'!I12 -> 0 | AF14: ='Apps & Goals 26-27'!J12 -> 0 | AG14: ='Apps & Goals 26-27'!K12 -> 0 | AH14: =AE14+AA14 -> 3 | AI14: =AF14+AB14 -> 1 | AJ14: =AG14+AC14 -> 2 | AL14: EZE Eberechi | AM14: 4 | AN14: 1 | AO14: 0 | AQ14: ='Apps & Goals 26-27'!L12 -> 1 | AR14: ='Apps & Goals 26-27'!M12 -> 0 | AS14: ='Apps & Goals 26-27'!N12 -> 1 | AT14: =AQ14+AM14 -> 5 | AU14: =AR14+AN14 -> 1 | AV14: =AS14+AO14 -> 1 | AX14: EZE Eberechi | AY14: 0 | AZ14: 0 | BA14: 0 | BC14: ='Apps & Goals 26-27'!O12 -> 1 | BD14: ='Apps & Goals 26-27'!P12 -> 0 | BE14: ='Apps & Goals 26-27'!Q12 -> 0 | BF14: =BC14+AY14 -> 1 | BG14: =BD14+AZ14 -> 0 | BH14: =BE14+BA14 -> 0
A15: 12 | B15: TIMBER Jurrien | C15: 62 | D15: 4 | E15: 8 | G15: ='Apps & Goals 26-27'!C13 -> 3 | H15: ='Apps & Goals 26-27'!D13 -> 0 | I15: ='Apps & Goals 26-27'!E13 -> 0 | J15: =G15+C15 -> 65 | K15: =H15+D15 -> 4 | L15: =I15+E15 -> 8 | M15: 12 | N15: TIMBER Jurrien | O15: 21 | P15: 2 | Q15: 2 | S15: ='Apps & Goals 26-27'!F13 -> 0 | T15: ='Apps & Goals 26-27'!G13 -> 0 | U15: ='Apps & Goals 26-27'!H13 -> 0 | V15: =S15+O15 -> 21 | W15: =T15+P15 -> 2 | X15: =U15+Q15 -> 2 | Z15: TIMBER Jurrien | AA15: 3 | AB15: 0 | AC15: 0 | AE15: ='Apps & Goals 26-27'!I13 -> 0 | AF15: ='Apps & Goals 26-27'!J13 -> 0 | AG15: ='Apps & Goals 26-27'!K13 -> 0 | AH15: =AE15+AA15 -> 3 | AI15: =AF15+AB15 -> 0 | AJ15: =AG15+AC15 -> 0 | AL15: TIMBER Jurrien | AM15: 8 | AN15: 0 | AO15: 0 | AQ15: ='Apps & Goals 26-27'!L13 -> 0 | AR15: ='Apps & Goals 26-27'!M13 -> 0 | AS15: ='Apps & Goals 26-27'!N13 -> 0 | AT15: =AQ15+AM15 -> 8 | AU15: =AR15+AN15 -> 0 | AV15: =AS15+AO15 -> 0 | AX15: TIMBER Jurrien | AY15: 1 | AZ15: 0 | BA15: 0 | BC15: ='Apps & Goals 26-27'!O13 -> 0 | BD15: ='Apps & Goals 26-27'!P13 -> 0 | BE15: ='Apps & Goals 26-27'!Q13 -> 0 | BF15: =BC15+AY15 -> 1 | BG15: =BD15+AZ15 -> 0 | BH15: =BE15+BA15 -> 0
A16: 13 | B16: KEPA Arrizabalaga | C16: 1 | D16: 0 | E16: 0 | G16: ='Apps & Goals 26-27'!C14 -> 0 | H16: ='Apps & Goals 26-27'!D14 -> 0 | I16: ='Apps & Goals 26-27'!E14 -> 0 | J16: =G16+C16 -> 1 | K16: =H16+D16 -> 0 | L16: =I16+E16 -> 0 | M16: 13 | N16: KEPA Arrizabalaga | O16: 1 | P16: 0 | Q16: 0 | S16: ='Apps & Goals 26-27'!F14 -> 0 | T16: ='Apps & Goals 26-27'!G14 -> 0 | U16: ='Apps & Goals 26-27'!H14 -> 0 | V16: =S16+O16 -> 1 | W16: =T16+P16 -> 0 | X16: =U16+Q16 -> 0 | Z16: KEPA Arrizabalaga | AA16: 4 | AB16: 0 | AC16: 0 | AE16: ='Apps & Goals 26-27'!I14 -> 0 | AF16: ='Apps & Goals 26-27'!J14 -> 0 | AG16: ='Apps & Goals 26-27'!K14 -> 0 | AH16: =AE16+AA16 -> 4 | AI16: =AF16+AB16 -> 0 | AJ16: =AG16+AC16 -> 0 | AL16: KEPA Arrizabalaga | AM16: 6 | AN16: 0 | AO16: 0 | AQ16: ='Apps & Goals 26-27'!L14 -> 1 | AR16: ='Apps & Goals 26-27'!M14 -> 0 | AS16: ='Apps & Goals 26-27'!N14 -> 0 | AT16: =AQ16+AM16 -> 7 | AU16: =AR16+AN16 -> 0 | AV16: =AS16+AO16 -> 0 | AX16: KEPA Arrizabalaga | AY16: 0 | AZ16: 0 | BA16: 0 | BC16: ='Apps & Goals 26-27'!O14 -> 0 | BD16: ='Apps & Goals 26-27'!P14 -> 0 | BE16: ='Apps & Goals 26-27'!Q14 -> 0 | BF16: =BC16+AY16 -> 0 | BG16: =BD16+AZ16 -> 0 | BH16: =BE16+BA16 -> 0
A17: 14 | B17: GYOKERES Viktor | C17: 36 | D17: 14 | E17: 1 | G17: ='Apps & Goals 26-27'!C15 -> 3 | H17: ='Apps & Goals 26-27'!D15 -> 0 | I17: ='Apps & Goals 26-27'!E15 -> 0 | J17: =G17+C17 -> 39 | K17: =H17+D17 -> 14 | L17: =I17+E17 -> 1 | M17: 14 | N17: GYOKERES Viktor | O17: 13 | P17: 5 | Q17: 1 | S17: ='Apps & Goals 26-27'!F15 -> 1 | T17: ='Apps & Goals 26-27'!G15 -> 0 | U17: ='Apps & Goals 26-27'!H15 -> 0 | V17: =S17+O17 -> 14 | W17: =T17+P17 -> 5 | X17: =U17+Q17 -> 1 | Z17: GYOKERES Viktor | AA17: 2 | AB17: 1 | AC17: 0 | AE17: ='Apps & Goals 26-27'!I15 -> 0 | AF17: ='Apps & Goals 26-27'!J15 -> 0 | AG17: ='Apps & Goals 26-27'!K15 -> 0 | AH17: =AE17+AA17 -> 2 | AI17: =AF17+AB17 -> 1 | AJ17: =AG17+AC17 -> 0 | AL17: GYOKERES Viktor | AM17: 4 | AN17: 1 | AO17: 1 | AQ17: ='Apps & Goals 26-27'!L15 -> 1 | AR17: ='Apps & Goals 26-27'!M15 -> 0 | AS17: ='Apps & Goals 26-27'!N15 -> 0 | AT17: =AQ17+AM17 -> 5 | AU17: =AR17+AN17 -> 1 | AV17: =AS17+AO17 -> 1 | AX17: GYOKERES Viktor | AY17: 0 | AZ17: 0 | BA17: 0 | BC17: ='Apps & Goals 26-27'!O15 -> 1 | BD17: ='Apps & Goals 26-27'!P15 -> 0 | BE17: ='Apps & Goals 26-27'!Q15 -> 0 | BF17: =BC17+AY17 -> 1 | BG17: =BD17+AZ17 -> 0 | BH17: =BE17+BA17 -> 0
... A40: 89 | B40: SALMON Marli | C40: 0 | D40: 0 | E40: 0 | G40: ='Apps & Goals 26-27'!C38 -> 0 | H40: ='Apps & Goals 26-27'!D38 -> 0 | I40: ='Apps & Goals 26-27'!E38 -> 0 | J40: =G40+C40 -> 0 | K40: =H40+D40 -> 0 | L40: =I40+E40 -> 0 | M40: 89 | N40: SALMON Marli | O40: 1 | P40: 0 | Q40: 0 | S40: ='Apps & Goals 26-27'!F38 -> 0 | T40: ='Apps & Goals 26-27'!G38 -> 0 | U40: ='Apps & Goals 26-27'!H38 -> 0 | V40: =S40+O40 -> 1 | W40: =T40+P40 -> 0 | X40: =U40+Q40 -> 0 | Z40: SALMON Marli | AA40: 3 | AB40: 0 | AC40: 0 | AE40: ='Apps & Goals 26-27'!I38 -> 0 | AF40: ='Apps & Goals 26-27'!J38 -> 0 | AG40: ='Apps & Goals 26-27'!K38 -> 0 | AH40: =AE40+AA40 -> 3 | AI40: =AF40+AB40 -> 0 | AJ40: =AG40+AC40 -> 0 | AL40: SALMON Marli | AM40: 0 | AN40: 0 | AO40: 0 | AQ40: ='Apps & Goals 26-27'!L38 -> 1 | AR40: ='Apps & Goals 26-27'!M38 -> 0 | AS40: ='Apps & Goals 26-27'!N38 -> 0 | AT40: =AQ40+AM40 -> 1 | AU40: =AR40+AN40 -> 0 | AV40: =AS40+AO40 -> 0 | AX40: SALMON Marli | AY40: 0 | AZ40: 0 | BA40: 0 | BC40: ='Apps & Goals 26-27'!O38 -> 0 | BD40: ='Apps & Goals 26-27'!P38 -> 0 | BE40: ='Apps & Goals 26-27'!Q38 -> 0 | BF40: =BC40+AY40 -> 0 | BG40: =BD40+AZ40 -> 0 | BH40: =BE40+BA40 -> 0

Sheet Apps & Goals
A1: Arsenal FC squad statistics | Z1: as of
E2: Premier League | H2: Europe | K2: FA Cup | N2: EFL Cup | Q2: Community Shield | T2: Total | Z2: 46307
A3: # | D3: Name | E3: App | F3: Gls | G3: Ast | H3: App | I3: Gls | J3: Ast | K3: App | L3: Gls | M3: Ast | N3: App | O3: Gls | P3: Ast | Q3: App | R3: Gls | S3: Ast | T3: App | U3: Gls | V3: Ast | W3: Loan
A4: 1 | B4: ESP | C4: GK | D4: RAYA David | E4: ='#'!J6 -> 113 | F4: ='#'!K6 -> 0 | G4: ='#'!L6 -> 0 | H4: ='#'!V6 -> 37 | I4: ='#'!W6 -> 0 | J4: ='#'!X6 -> 0 | K4: ='#'!AH6 -> 1 | L4: ='#'!AI6 -> 0 | M4: ='#'!AJ6 -> 0 | N4: ='#'!AT6 -> 3 | O4: ='#'!AU6 -> 0 | P4: ='#'!AV6 -> 0 | Q4: ='#'!BF6 -> 1 | R4: ='#'!BG6 -> 0 | S4: ='#'!BH6 -> 0 | T4: =SUM(E4,H4,K4,N4,Q4) -> 155 | U4: =SUM(F4,I4,L4,O4,R4) -> 0 | V4: =SUM(G4,J4,M4,P4,S4) -> 0
A5: 2 | B5: FRA | C5: DF | D5: SALIBA William | E5: ='#'!J7 -> 131 | F5: ='#'!K7 -> 7 | G5: ='#'!L7 -> 2 | H5: ='#'!V7 -> 37 | I5: ='#'!W7 -> 1 | J5: ='#'!X7 -> 0 | K5: ='#'!AH7 -> 5 | L5: ='#'!AI7 -> 0 | M5: ='#'!AJ7 -> 0 | N5: ='#'!AT7 -> 10 | O5: ='#'!AU7 -> 0 | P5: ='#'!AV7 -> 1 | Q5: ='#'!BF7 -> 1 | R5: ='#'!BG7 -> 0 | S5: ='#'!BH7 -> 0 | T5: =SUM(E5,H5,K5,N5,Q5) -> 184 | U5: =SUM(F5,I5,L5,O5,R5) -> 8 | V5: =SUM(G5,J5,M5,P5,S5) -> 3
A6: 3 | B6: ESP | C6: DF | D6: MOSQUERA Cristhian | E6: ='#'!J8 -> 22 | F6: ='#'!K8 -> 0 | G6: ='#'!L8 -> 0 | H6: ='#'!V8 -> 10 | I6: ='#'!W8 -> 0 | J6: ='#'!X8 -> 0 | K6: ='#'!AH8 -> 3 | L6: ='#'!AI8 -> 0 | M6: ='#'!AJ8 -> 0 | N6: ='#'!AT8 -> 2 | O6: ='#'!AU8 -> 0 | P6: ='#'!AV8 -> 0 | Q6: ='#'!BF8 -> 1 | R6: ='#'!BG8 -> 0 | S6: ='#'!BH8 -> 0 | T6: =SUM(E6,H6,K6,N6,Q6) -> 38 | U6: =SUM(F6,I6,L6,O6,R6) -> 0 | V6: =SUM(G6,J6,M6,P6,S6) -> 0
A7: 4 | B7: ENG | C7: DF | D7: WHITE Ben | E7: ='#'!J9 -> 141 | F7: ='#'!K9 -> 6 | G7: ='#'!L9 -> 14 | H7: ='#'!V9 -> 38 | I7: ='#'!W9 -> 0 | J7: ='#'!X9 -> 2 | K7: ='#'!AH9 -> 6 | L7: ='#'!AI9 -> 0 | M7: ='#'!AJ9 -> 0 | N7: ='#'!AT9 -> 10 | O7: ='#'!AU9 -> 1 | P7: ='#'!AV9 -> 0 | Q7: ='#'!BF9 -> 2 | R7: ='#'!BG9 -> 0 | S7: ='#'!BH9 -> 0 | T7: =SUM(E7,H7,K7,N7,Q7) -> 197 | U7: =SUM(F7,I7,L7,O7,R7) -> 7 | V7: =SUM(G7,J7,M7,P7,S7) -> 16
A8: 5 | B8: ECU | C8: DF | D8: HINCAPIE Piero | E8: ='#'!J10 -> 28 | F8: ='#'!K10 -> 1 | G8: ='#'!L10 -> 2 | H8: ='#'!V10 -> 11 | I8: ='#'!W10 -> 0 | J8: ='#'!X10 -> 0 | K8: ='#'!AH10 -> 1 | L8: ='#'!AI10 -> 0 | M8: ='#'!AJ10 -> 0 | N8: ='#'!AT10 -> 3 | O8: ='#'!AU10 -> 0 | P8: ='#'!AV10 -> 0 | Q8: ='#'!BF10 -> 1 | R8: ='#'!BG10 -> 0 | S8: ='#'!BH10 -> 0 | T8: =SUM(E8,H8,K8,N8,Q8) -> 44 | U8: =SUM(F8,I8,L8,O8,R8) -> 1 | V8: =SUM(G8,J8,M8,P8,S8) -> 2
A9: 6 | B9: BRA | C9: DF | D9: GABRIEL | E9: ='#'!J11 -> 198 | F9: ='#'!K11 -> 20 | G9: ='#'!L11 -> 5 | H9: ='#'!V11 -> 45 | I9: ='#'!W11 -> 3 | J9: ='#'!X11 -> 1 | K9: ='#'!AH11 -> 7 | L9: ='#'!AI11 -> 1 | M9: ='#'!AJ11 -> 0 | N9: ='#'!AT11 -> 18 | O9: ='#'!AU11 -> 0 | P9: ='#'!AV11 -> 0 | Q9: ='#'!BF11 -> 2 | R9: ='#'!BG11 -> 0 | S9: ='#'!BH11 -> 0 | T9: =SUM(E9,H9,K9,N9,Q9) -> 270 | U9: =SUM(F9,I9,L9,O9,R9) -> 24 | V9: =SUM(G9,J9,M9,P9,S9) -> 6
A10: 7 | B10: ENG | C10: FW | D10: SAKA Bukayo | E10: ='#'!J12 -> 232 | F10: ='#'!K12 -> 63 | G10: ='#'!L12 -> 50 | H10: ='#'!V12 -> 55 | I10: ='#'!W12 -> 18 | J10: ='#'!X12 -> 15 | K10: ='#'!AH12 -> 13 | L10: ='#'!AI12 -> 1 | M10: ='#'!AJ12 -> 1 | N10: ='#'!AT12 -> 17 | O10: ='#'!AU12 -> 2 | P10: ='#'!AV12 -> 2 | Q10: ='#'!BF12 -> 3 | R10: ='#'!BG12 -> 0 | S10: ='#'!BH12 -> 2 | T10: =SUM(E10,H10,K10,N10,Q10) -> 320 | U10: =SUM(F10,I10,L10,O10,R10) -> 84 | V10: =SUM(G10,J10,M10,P10,S10) -> 70
A11: 8 | B11: NOR | C11: MF | D11: ODEGAARD Martin | E11: ='#'!J13 -> 182 | F11: ='#'!K13 -> 37 | G11: ='#'!L13 -> 37 | H11: ='#'!V13 -> 42 | I11: ='#'!W13 -> 7 | J11: ='#'!X13 -> 3 | K11: ='#'!AH13 -> 6 | L11: ='#'!AI13 -> 0 | M11: ='#'!AJ13 -> 0 | N11: ='#'!AT13 -> 11 | O11: ='#'!AU13 -> 1 | P11: ='#'!AV13 -> 3 | Q11: ='#'!BF13 -> 2 | R11: ='#'!BG13 -> 1 | S11: ='#'!BH13 -> 0 | T11: =SUM(E11,H11,K11,N11,Q11) -> 243 | U11: =SUM(F11,I11,L11,O11,R11) -> 46 | V11: =SUM(G11,J11,M11,P11,S11) -> 43
A12: 10 | B12: ENG | C12: MF | D12: EZE Eberechi | E12: ='#'!J14 -> 36 | F12: ='#'!K14 -> 7 | G12: ='#'!L14 -> 2 | H12: ='#'!V14 -> 14 | I12: ='#'!W14 -> 1 | J12: ='#'!X14 -> 1 | K12: ='#'!AH14 -> 3 | L12: ='#'!AI14 -> 1 | M12: ='#'!AJ14 -> 2 | N12: ='#'!AT14 -> 5 | O12: ='#'!AU14 -> 1 | P12: ='#'!AV14 -> 1 | Q12: ='#'!BF14 -> 1 | R12: ='#'!BG14 -> 0 | S12: ='#'!BH14 -> 0 | T12: =SUM(E12,H12,K12,N12,Q12) -> 59 | U12: =SUM(F12,I12,L12,O12,R12) -> 10 | V12: =SUM(G12,J12,M12,P12,S12) -> 6
A13: 12 | B13: NED | C13: DF | D13: TIMBER Jurrien | E13: ='#'!J15 -> 65 | F13: ='#'!K15 -> 4 | G13: ='#'!L15 -> 8 | H13: ='#'!V15 -> 21 | I13: ='#'!W15 -> 2 | J13: ='#'!X15 -> 2 | K13: ='#'!AH15 -> 3 | L13: ='#'!AI15 -> 0 | M13: ='#'!AJ15 -> 0 | N13: ='#'!AT15 -> 8 | O13: ='#'!AU15 -> 0 | P13: ='#'!AV15 -> 0 | Q13: ='#'!BF15 -> 1 | R13: ='#'!BG15 -> 0 | S13: ='#'!BH15 -> 0 | T13: =SUM(E13,H13,K13,N13,Q13) -> 98 | U13: =SUM(F13,I13,L13,O13,R13) -> 6 | V13: =SUM(G13,J13,M13,P13,S13) -> 10
A14: 13 | B14: ESP | C14: GK | D14: KEPA Arrizabalaga | E14: ='#'!J16 -> 1 | F14: ='#'!K16 -> 0 | G14: ='#'!L16 -> 0 | H14: ='#'!V16 -> 1 | I14: ='#'!W16 -> 0 | J14: ='#'!X16 -> 0 | K14: ='#'!AH16 -> 4 | L14: ='#'!AI16 -> 0 | M14: ='#'!AJ16 -> 0 | N14: ='#'!AT16 -> 7 | O14: ='#'!AU16 -> 0 | P14: ='#'!AV16 -> 0 | Q14: ='#'!BF16 -> 0 | R14: ='#'!BG16 -> 0 | S14: ='#'!BH16 -> 0 | T14: =SUM(E14,H14,K14,N14,Q14) -> 13 | U14: =SUM(F14,I14,L14,O14,R14) -> 0 | V14: =SUM(G14,J14,M14,P14,S14) -> 0
A15: 14 | B15: SWE | C15: FW | D15: GYOKERES Viktor | E15: ='#'!J17 -> 39 | F15: ='#'!K17 -> 14 | G15: ='#'!L17 -> 1 | H15: ='#'!V17 -> 14 | I15: ='#'!W17 -> 5 | J15: ='#'!X17 -> 1 | K15: ='#'!AH17 -> 2 | L15: ='#'!AI17 -> 1 | M15: ='#'!AJ17 -> 0 | N15: ='#'!AT17 -> 5 | O15: ='#'!AU17 -> 1 | P15: ='#'!AV17 -> 1 | Q15: ='#'!BF17 -> 1 | R15: ='#'!BG17 -> 0 | S15: ='#'!BH17 -> 0 | T15: =SUM(E15,H15,K15,N15,Q15) -> 61 | U15: =SUM(F15,I15,L15,O15,R15) -> 21 | V15: =SUM(G15,J15,M15,P15,S15) -> 3
... A18: 20 | B18: ENG | C18: FW | D18: MADUEKE Nuno | E18: ='#'!J20 -> 29 | F18: ='#'!K20 -> 3 | G18: ='#'!L20 -> 1 | H18: ='#'!V20 -> 10 | I18: ='#'!W20 -> 3 | J18: ='#'!X20 -> 0 | K18: ='#'!AH20 -> 4 | L18: ='#'!AI20 -> 2 | M18: ='#'!AJ20 -> 2 | N18: ='#'!AT20 -> 4 | O18: ='#'!AU20 -> 1 | P18: ='#'!AV20 -> 0 | Q18: ='#'!BF20 -> 1 | R18: ='#'!BG20 -> 0 | S18: ='#'!BH20 -> 0 | T18: =SUM(E18,H18,K18,N18,Q18) -> 48 | U18: =SUM(F18,I18,L18,O18,R18) -> 9 | V18: =SUM(G18,J18,M18,P18,S18) -> 3
A19: 22 | B19: ENG | C19: MF | D19: NWANERI Ethan | E19: ='#'!J21 -> 34 | F19: ='#'!K21 -> 4 | G19: ='#'!L21 -> 2 | H19: ='#'!V21 -> 10 | I19: ='#'!W21 -> 2 | J19: ='#'!X21 -> 0 | K19: ='#'!AH21 -> 1 | L19: ='#'!AI21 -> 0 | M19: ='#'!AJ21 -> 0 | N19: ='#'!AT21 -> 6 | O19: ='#'!AU21 -> 4 | P19: ='#'!AV21 -> 0 | Q19: ='#'!BF21 -> 0 | R19: ='#'!BG21 -> 0 | S19: ='#'!BH21 -> 0 | T19: =SUM(E19,H19,K19,N19,Q19) -> 51 | U19: =SUM(F19,I19,L19,O19,R19) -> 10 | V19: =SUM(G19,J19,M19,P19,S19) -> 2 | W19: Y
A20: 23 | B20: ESP | C20: MF | D20: MERINO Mikel | E20: ='#'!J22 -> 56 | F20: ='#'!K22 -> 11 | G20: ='#'!L22 -> 5 | H20: ='#'!V22 -> 20 | I20: ='#'!W22 -> 4 | J20: ='#'!X22 -> 3 | K20: ='#'!AH22 -> 2 | L20: ='#'!AI22 -> 0 | M20: ='#'!AJ22 -> 0 | N20: ='#'!AT22 -> 8 | O20: ='#'!AU22 -> 1 | P20: ='#'!AV22 -> 0 | Q20: ='#'!BF22 -> 0 | R20: ='#'!BG22 -> 0 | S20: ='#'!BH22 -> 0 | T20: =SUM(E20,H20,K20,N20,Q20) -> 86 | U20: =SUM(F20,I20,L20,O20,R20) -> 16 | V20: =SUM(G20,J20,M20,P20,S20) -> 8
A21: 29 | B21: GER | C21: FW | D21: HAVERTZ Kai | E21: ='#'!J23 -> 78 | F21: ='#'!K23 -> 26 | G21: ='#'!L23 -> 13 | H21: ='#'!V23 -> 25 | I21: ='#'!W23 -> 9 | J21: ='#'!X23 -> 2 | K21: ='#'!AH23 -> 5 | L21: ='#'!AI23 -> 0 | M21: ='#'!AJ23 -> 1 | N21: ='#'!AT23 -> 9 | O21: ='#'!AU23 -> 3 | P21: ='#'!AV23 -> 0 | Q21: ='#'!BF23 -> 2 | R21: ='#'!BG23 -> 1 | S21: ='#'!BH23 -> 0 | T21: =SUM(E21,H21,K21,N21,Q21) -> 119 | U21: =SUM(F21,I21,L21,O21,R21) -> 39 | V21: =SUM(G21,J21,M21,P21,S21) -> 16
A22: 30 | B22: FRA | C22: GK | D22: MESLIER Illan | E22: ='#'!J24 -> 0 | F22: ='#'!K24 -> 0 | G22: ='#'!L24 -> 0 | H22: ='#'!V24 -> 0 | I22: ='#'!W24 -> 0 | J22: ='#'!X24 -> 0 | K22: ='#'!AH24 -> 0 | L22: ='#'!AI24 -> 0 | M22: ='#'!AJ24 -> 0 | N22: ='#'!AT24 -> 0 | O22: ='#'!AU24 -> 0 | P22: ='#'!AV24 -> 0 | Q22: ='#'!BF24 -> 0 | R22: ='#'!BG24 -> 0 | S22: ='#'!BH24 -> 0 | T22: =SUM(E22,H22,K22,N22,Q22) -> 0 | U22: =SUM(F22,I22,L22,O22,R22) -> 0 | V22: =SUM(G22,J22,M22,P22,S22) -> 0
A23: 33 | B23: ITA | C23: DF | D23: CALAFIORI Riccardo | E23: ='#'!J25 -> 51 | F23: ='#'!K25 -> 4 | G23: ='#'!L25 -> 5 | H23: ='#'!V25 -> 14 | I23: ='#'!W25 -> 1 | J23: ='#'!X25 -> 2 | K23: ='#'!AH25 -> 2 | L23: ='#'!AI25 -> 0 | M23: ='#'!AJ25 -> 0 | N23: ='#'!AT25 -> 4 | O23: ='#'!AU25 -> 0 | P23: ='#'!AV25 -> 0 | Q23: ='#'!BF25 -> 1 | R23: ='#'!BG25 -> 1 | S23: ='#'!BH25 -> 0 | T23: =SUM(E23,H23,K23,N23,Q23) -> 72 | U23: =SUM(F23,I23,L23,O23,R23) -> 6 | V23: =SUM(G23,J23,M23,P23,S23) -> 7
A24: 35 | B24: ENG | C24: GK | D24: SETFORD Tommy | E24: ='#'!J26 -> 0 | F24: ='#'!K26 -> 0 | G24: ='#'!L26 -> 0 | H24: ='#'!V26 -> 0 | I24: ='#'!W26 -> 0 | J24: ='#'!X26 -> 0 | K24: ='#'!AH26 -> 1 | L24: ='#'!AI26 -> 0 | M24: ='#'!AJ26 -> 0 | N24: ='#'!AT26 -> 1 | O24: ='#'!AU26 -> 0 | P24: ='#'!AV26 -> 0 | Q24: ='#'!BF26 -> 0 | R24: ='#'!BG26 -> 0 | S24: ='#'!BH26 -> 0 | T24: =SUM(E24,H24,K24,N24,Q24) -> 2 | U24: =SUM(F24,I24,L24,O24,R24) -> 0 | V24: =SUM(G24,J24,M24,P24,S24) -> 0 | W24: Y
A25: 36 | B25: ESP | C25: MF | D25: ZUBIMENDI Martin | E25: ='#'!J27 -> 43 | F25: ='#'!K27 -> 5 | G25: ='#'!L27 -> 1 | H25: ='#'!V27 -> 14 | I25: ='#'!W27 -> 0 | J25: ='#'!X27 -> 2 | K25: ='#'!AH27 -> 3 | L25: ='#'!AI27 -> 0 | M25: ='#'!AJ27 -> 0 | N25: ='#'!AT27 -> 4 | O25: ='#'!AU27 -> 1 | P25: ='#'!AV27 -> 1 | Q25: ='#'!BF27 -> 1 | R25: ='#'!BG27 -> 0 | S25: ='#'!BH27 -> 0 | T25: =SUM(E25,H25,K25,N25,Q25) -> 65 | U25: =SUM(F25,I25,L25,O25,R25) -> 6 | V25: =SUM(G25,J25,M25,P25,S25) -> 4
A26: 39 | B26: BRA | C26: MF | D26: GUIMARES Bruno | E26: ='#'!J28 -> 4 | F26: ='#'!K28 -> 2 | G26: ='#'!L28 -> 0 | H26: ='#'!V28 -> 1 | I26: ='#'!W28 -> 0 | J26: ='#'!X28 -> 0 | K26: ='#'!AH28 -> 0 | L26: ='#'!AI28 -> 0 | M26: ='#'!AJ28 -> 0 | N26: ='#'!AT28 -> 1 | O26: ='#'!AU28 -> 0 | P26: ='#'!AV28 -> 0 | Q26: ='#'!BF28 -> 1 | R26: ='#'!BG28 -> 0 | S26: ='#'!BH28 -> 0 | T26: =SUM(E26,H26,K26,N26,Q26) -> 7 | U26: =SUM(F26,I26,L26,O26,R26) -> 2 | V26: =SUM(G26,J26,M26,P26,S26) -> 0
A27: 40 | B27: ENG | C27: DF | D27: DIXON Jaden | E27: ='#'!J29 -> 0 | F27: ='#'!K29 -> 0 | G27: ='#'!L29 -> 0 | H27: ='#'!V29 -> 0 | I27: ='#'!W29 -> 0 | J27: ='#'!X29 -> 0 | K27: ='#'!AH29 -> 1 | L27: ='#'!AI29 -> 0 | M27: ='#'!AJ29 -> 0 | N27: ='#'!AT29 -> 0 | O27: ='#'!AU29 -> 0 | P27: ='#'!AV29 -> 0 | Q27: ='#'!BF29 -> 0 | R27: ='#'!BG29 -> 0 | S27: ='#'!BH29 -> 0 | T27: =SUM(E27,H27,K27,N27,Q27) -> 1 | U27: =SUM(F27,I27,L27,O27,R27) -> 0 | V27: =SUM(G27,J27,M27,P27,S27) -> 0
A28: 41 | B28: ENG | C28: MF | D28: RICE Declan | E28: ='#'!J30 -> 115 | F28: ='#'!K30 -> 15 | G28: ='#'!L30 -> 23 | H28: ='#'!V30 -> 37 | I28: ='#'!W30 -> 5 | J28: ='#'!X30 -> 5 | K28: ='#'!AH30 -> 2 | L28: ='#'!AI30 -> 0 | M28: ='#'!AJ30 -> 0 | N28: ='#'!AT30 -> 10 | O28: ='#'!AU30 -> 1 | P28: ='#'!AV30 -> 3 | Q28: ='#'!BF30 -> 2 | R28: ='#'!BG30 -> 0 | S28: ='#'!BH30 -> 0 | T28: =SUM(E28,H28,K28,N28,Q28) -> 166 | U28: =SUM(F28,I28,L28,O28,R28) -> 21 | V28: =SUM(G28,J28,M28,P28,S28) -> 31
A29: 43 | B29: ENG | C29: FW | D29: HARRIMAN-ANNOUS Andre | E29: ='#'!J31 -> 0 | F29: ='#'!K31 -> 0 | G29: ='#'!L31 -> 0 | H29: ='#'!V31 -> 1 | I29: ='#'!W31 -> 0 | J29: ='#'!X31 -> 0 | K29: ='#'!AH31 -> 0 | L29: ='#'!AI31 -> 0 | M29: ='#'!AJ31 -> 0 | N29: ='#'!AT31 -> 1 | O29: ='#'!AU31 -> 0 | P29: ='#'!AV31 -> 0 | Q29: ='#'!BF31 -> 0 | R29: ='#'!BG31 -> 0 | S29: ='#'!BH31 -> 0 | T29: =SUM(E29,H29,K29,N29,Q29) -> 2 | U29: =SUM(F29,I29,L29,O29,R29) -> 0 | V29: =SUM(G29,J29,M29,P29,S29) -> 0
A30: 44 | B30: ENG | C30: MF | D30: IBRAHIM Ife | E30: ='#'!J32 -> 0 | F30: ='#'!K32 -> 0 | G30: ='#'!L32 -> 0 | H30: ='#'!V32 -> 1 | I30: ='#'!W32 -> 0 | J30: ='#'!X32 -> 0 | K30: ='#'!AH32 -> 0 | L30: ='#'!AI32 -> 0 | M30: ='#'!AJ32 -> 0 | N30: ='#'!AT32 -> 1 | O30: ='#'!AU32 -> 0 | P30: ='#'!AV32 -> 0 | Q30: ='#'!BF32 -> 0 | R30: ='#'!BG32 -> 0 | S30: ='#'!BH32 -> 0 | T30: =SUM(E30,H30,K30,N30,Q30) -> 2 | U30: =SUM(F30,I30,L30,O30,R30) -> 0 | V30: =SUM(G30,J30,M30,P30,S30) -> 0
A31: 45 | B31: ENG | C31: MF | D31: JULIENNE Theo | E31: ='#'!J33 -> 0 | F31: ='#'!K33 -> 0 | G31: ='#'!L33 -> 0 | H31: ='#'!V33 -> 0 | I31: ='#'!W33 -> 0 | J31: ='#'!X33 -> 0 | K31: ='#'!AH33 -> 0 | L31: ='#'!AI33 -> 0 | M31: ='#'!AJ33 -> 0 | N31: ='#'!AT33 -> 1 | O31: ='#'!AU33 -> 0 | P31: ='#'!AV33 -> 0 | Q31: ='#'!BF33 -> 0 | R31: ='#'!BG33 -> 0 | S31: ='#'!BH33 -> 0 | T31: =SUM(E31,H31,K31,N31,Q31) -> 1 | U31: =SUM(F31,I31,L31,O31,R31) -> 0 | V31: =SUM(G31,J31,M31,P31,S31) -> 0
A32: 46 | B32: NED | C32: FW | D32: KABIA Ismeal | E32: ='#'!J34 -> 0 | F32: ='#'!K34 -> 0 | G32: ='#'!L34 -> 0 | H32: ='#'!V34 -> 0 | I32: ='#'!W34 -> 0 | J32: ='#'!X34 -> 0 | K32: ='#'!AH34 -> 0 | L32: ='#'!AI34 -> 0 | M32: ='#'!AJ34 -> 0 | N32: ='#'!AT34 -> 1 | O32: ='#'!AU34 -> 0 | P32: ='#'!AV34 -> 0 | Q32: ='#'!BF34 -> 0 | R32: ='#'!BG34 -> 0 | S32: ='#'!BH34 -> 0 | T32: =SUM(E32,H32,K32,N32,Q32) -> 1 | U32: =SUM(F32,I32,L32,O32,R32) -> 0 | V32: =SUM(G32,J32,M32,P32,S32) -> 0 | W32: Y
A33: 49 | B33: ENG | C33: DF | D33: LEWIS-SKELLY Myles | E33: ='#'!J35 -> 48 | F33: ='#'!K35 -> 1 | G33: ='#'!L35 -> 0 | H33: ='#'!V35 -> 20 | I33: ='#'!W35 -> 0 | J33: ='#'!X35 -> 3 | K33: ='#'!AH35 -> 4 | L33: ='#'!AI35 -> 0 | M33: ='#'!AJ35 -> 0 | N33: ='#'!AT35 -> 9 | O33: ='#'!AU35 -> 0 | P33: ='#'!AV35 -> 2 | Q33: ='#'!BF35 -> 1 | R33: ='#'!BG35 -> 0 | S33: ='#'!BH35 -> 1 | T33: =SUM(E33,H33,K33,N33,Q33) -> 82 | U33: =SUM(F33,I33,L33,O33,R33) -> 1 | V33: =SUM(G33,J33,M33,P33,S33) -> 6
A34: 53 | B34: ENG | C34: FW | D34: SAGOE JR Charles | E34: ='#'!J36 -> 0 | F34: ='#'!K36 -> 0 | G34: ='#'!L36 -> 0 | H34: ='#'!V36 -> 0 | I34: ='#'!W36 -> 0 | J34: ='#'!X36 -> 0 | K34: ='#'!AH36 -> 0 | L34: ='#'!AI36 -> 0 | M34: ='#'!AJ36 -> 0 | N34: ='#'!AT36 -> 1 | O34: ='#'!AU36 -> 0 | P34: ='#'!AV36 -> 0 | Q34: ='#'!BF36 -> 0 | R34: ='#'!BG36 -> 0 | S34: ='#'!BH36 -> 0 | T34: =SUM(E34,H34,K34,N34,Q34) -> 1 | U34: =SUM(F34,I34,L34,O34,R34) -> 0 | V34: =SUM(G34,J34,M34,P34,S34) -> 0 | W34: Y
A35: 55 | B35: ENG | C35: GK | D35: PORTER Jack | E35: ='#'!J37 -> 0 | F35: ='#'!K37 -> 0 | G35: ='#'!L37 -> 0 | H35: ='#'!V37 -> 0 | I35: ='#'!W37 -> 0 | J35: ='#'!X37 -> 0 | K35: ='#'!AH37 -> 0 | L35: ='#'!AI37 -> 0 | M35: ='#'!AJ37 -> 0 | N35: ='#'!AT37 -> 1 | O35: ='#'!AU37 -> 0 | P35: ='#'!AV37 -> 0 | Q35: ='#'!BF37 -> 0 | R35: ='#'!BG37 -> 0 | S35: ='#'!BH37 -> 0 | T35: =SUM(E35,H35,K35,N35,Q35) -> 1 | U35: =SUM(F35,I35,L35,O35,R35) -> 0 | V35: =SUM(G35,J35,M35,P35,S35) -> 0
A36: 56 | B36: ENG | C36: FW | D36: DOWMAN Max | E36: ='#'!J38 -> 7 | F36: ='#'!K38 -> 1 | G36: ='#'!L38 -> 0 | H36: ='#'!V38 -> 3 | I36: ='#'!W38 -> 0 | J36: ='#'!X38 -> 0 | K36: ='#'!AH38 -> 2 | L36: ='#'!AI38 -> 0 | M36: ='#'!AJ38 -> 0 | N36: ='#'!AT38 -> 3 | O36: ='#'!AU38 -> 2 | P36: ='#'!AV38 -> 0 | Q36: ='#'!BF38 -> 0 | R36: ='#'!BG38 -> 0 | S36: ='#'!BH38 -> 0 | T36: =SUM(E36,H36,K36,N36,Q36) -> 15 | U36: =SUM(F36,I36,L36,O36,R36) -> 3 | V36: =SUM(G36,J36,M36,P36,S36) -> 0
A37: 71 | B37: ENG | C37: FW | D37: BAILEY-JOSEPH Brando | E37: ='#'!J39 -> 0 | F37: ='#'!K39 -> 0 | G37: ='#'!L39 -> 0 | H37: ='#'!V39 -> 1 | I37: ='#'!W39 -> 0 | J37: ='#'!X39 -> 0 | K37: ='#'!AH39 -> 0 | L37: ='#'!AI39 -> 0 | M37: ='#'!AJ39 -> 0 | N37: ='#'!AT39 -> 0 | O37: ='#'!AU39 -> 0 | P37: ='#'!AV39 -> 0 | Q37: ='#'!BF39 -> 0 | R37: ='#'!BG39 -> 0 | S37: ='#'!BH39 -> 0 | T37: =SUM(E37,H37,K37,N37,Q37) -> 1 | U37: =SUM(F37,I37,L37,O37,R37) -> 0 | V37: =SUM(G37,J37,M37,P37,S37) -> 0
A38: 89 | B38: ENG | C38: DF | D38: SALMON Marli | E38: ='#'!J40 -> 0 | F38: ='#'!K40 -> 0 | G38: ='#'!L40 -> 0 | H38: ='#'!V40 -> 1 | I38: ='#'!W40 -> 0 | J38: ='#'!X40 -> 0 | K38: ='#'!AH40 -> 3 | L38: ='#'!AI40 -> 0 | M38: ='#'!AJ40 -> 0 | N38: ='#'!AT40 -> 1 | O38: ='#'!AU40 -> 0 | P38: ='#'!AV40 -> 0 | Q38: ='#'!BF40 -> 0 | R38: ='#'!BG40 -> 0 | S38: ='#'!BH40 -> 0 | T38: =SUM(E38,H38,K38,N38,Q38) -> 5 | U38: =SUM(F38,I38,L38,O38,R38) -> 0 | V38: =SUM(G38,J38,M38,P38,S38) -> 0
F40: `

Sheet Apps & Goals 16-17
A1: Arsenal FC squad statistics | D1: Update:
D2: Premier League | F2: Champions League | H2: FA Cup | J2: EFL Cup | L2: Community Shield | N2: Total
A3: # | B3: Name | C3: S | D3: Apps | E3: Goals | F3: Apps | G3: Goals | H3: Apps | I3: Goals | J3: Apps | K3: Goals | L3: Apps | M3: Goals | N3: Apps | O3: Goals
A4: 1 | B4: SZCZĘSNY Wojciech | C4: 7 | D4: 0 | E4: 0 | F4: 0 | G4: 0 | H4: 0 | I4: 0 | J4: 0 | K4: 0 | L4: 0 | M4: 0 | N4: 0 | O4: 0
A5: 2 | B5: DEBUCHY Mathieu | C5: 2 | D5: 1 | E5: 0 | F5: 0 | G5: 0 | H5: 0 | I5: 0 | J5: 0 | K5: 0 | L5: 0 | M5: 0 | N5: 1 | O5: 0
A6: 3 | B6: GIBBS Kieran | C6: 9 | D6: 11 | E6: 0 | F6: 6 | G6: 0 | H6: 2 | I6: 0 | J6: 3 | K6: 0 | L6: 0 | M6: 0 | N6: 22 | O6: 0
A7: 4 | B7: MERTESACKER Per | C7: 5 | D7: 1 | E7: 0 | F7: 0 | G7: 0 | H7: 1 | I7: 0 | J7: 0 | K7: 0 | L7: 0 | M7: 0 | N7: 2 | O7: 0
A8: 5 | B8: Paulista GABRIEL | C8: 2 | D8: 19 | E8: 0 | F8: 2 | G8: 0 | H8: 3 | I8: 0 | J8: 3 | K8: 0 | L8: 0 | M8: 0 | N8: 27 | O8: 0
A9: 6 | B9: KOSCIELNY Laurent | C9: 6 | D9: 33 | E9: 2 | F9: 8 | G9: 0 | H9: 2 | I9: 0 | J9: 0 | K9: 0 | L9: 0 | M9: 0 | N9: 43 | O9: 2
A10: 7 | B10: SANCHEZ Alexis | C10: 2 | D10: 38 | E10: 24 | F10: 8 | G10: 3 | H10: 5 | I10: 3 | J10: 0 | K10: 0 | L10: 0 | M10: 0 | N10: 51 | O10: 30
A11: 8 | B11: RAMSEY Aaron | C11: 8 | D11: 23 | E11: 1 | F11: 4 | G11: 0 | H11: 4 | I11: 3 | J11: 1 | K11: 0 | L11: 0 | M11: 0 | N11: 32 | O11: 4
A12: 9 | B12: PEREZ Lucas | C12: 1 | D12: 12 | E12: 1 | F12: 3 | G12: 3 | H12: 4 | I12: 1 | J12: 3 | K12: 2 | L12: 0 | M12: 0 | N12: 22 | O12: 7
A13: 10 | B13: WILSHERE Jack | C13: 8 | D13: 2 | E13: 0 | F13: 0 | G13: 0 | H13: 0 | I13: 0 | J13: 0 | K13: 0 | L13: 0 | M13: 0 | N13: 2 | O13: 0
A14: 11 | B14: OZIL Mesut | C14: 3 | D14: 33 | E14: 8 | F14: 8 | G14: 4 | H14: 3 | I14: 0 | J14: 0 | K14: 0 | L14: 0 | M14: 0 | N14: 44 | O14: 12
A15: 12 | B15: GIROUD Olivier | C15: 4 | D15: 29 | E15: 12 | F15: 6 | G15: 2 | H15: 4 | I15: 2 | J15: 1 | K15: 0 | L15: 0 | M15: 0 | N15: 40 | O15: 16
... A43: 73 | B43: O'CONNOR Stefan | C43: 2 | D43: 0 | E43: 0 | F43: 0 | G43: 0 | H43: 0 | I43: 0 | J43: 0 | K43: 0 | L43: 0 | M43: 0 | N43: 0 | O43: 0

Sheet Apps & Goals 17-18
A1: Arsenal FC squad statistics
D2: Premier League | F2: Europa League | H2: FA Cup | J2: EFL Cup | L2: Community Shield | N2: Total
A3: # | B3: Name | C3: S | D3: Apps | E3: Goals | F3: Apps | G3: Goals | H3: Apps | I3: Goals | J3: Apps | K3: Goals | L3: Apps | M3: Goals | N3: Apps | O3: Goals
A4: 4 | B4: MERTESACKER Per | C4: 8 | D4: 6 | E4: 1 | F4: 3 | G4: 0 | H4: 1 | I4: 1 | J4: 1 | K4: 0 | L4: 1 | M4: 0 | N4: 12 | O4: 2
A5: 6 | B5: KOSCIELNY Laurent | C5: 8 | D5: 25 | E5: 2 | F5: 4 | G5: 0 | H5: 0 | I5: 0 | J5: 2 | K5: 0 | L5: 0 | M5: 0 | N5: 31 | O5: 2
A6: 7 | B6: MKHITARYAN Henrikh | C6: 1 | D6: 11 | E6: 2 | F6: 5 | G6: 1 | H6: 0 | I6: 0 | J6: 0 | K6: 0 | L6: 0 | M6: 0 | N6: 16 | O6: 3
A7: 8 | B7: RAMSEY Aaron | C7: 10 | D7: 25 | E7: 7 | F7: 4 | G7: 4 | H7: 0 | I7: 0 | J7: 2 | K7: 0 | L7: 0 | M7: 0 | N7: 31 | O7: 11
A8: 9 | B8: LACAZETTE Alexandre | C8: 1 | D8: 31 | E8: 14 | F8: 2 | G8: 2 | H8: 0 | I8: 0 | J8: 2 | K8: 0 | L8: 1 | M8: 0 | N8: 36 | O8: 16
A9: 10 | B9: WILSHERE Jack | C9: 10 | D9: 20 | E9: 1 | F9: 11 | G9: 1 | H9: 0 | I9: 0 | J9: 5 | K9: 0 | L9: 0 | M9: 0 | N9: 36 | O9: 2
A10: 11 | B10: OZIL Mesut | C10: 5 | D10: 26 | E10: 4 | F10: 5 | G10: 1 | H10: 0 | I10: 0 | J10: 2 | K10: 0 | L10: 0 | M10: 0 | N10: 33 | O10: 5
A11: 13 | B11: OSPINA David | C11: 4 | D11: 5 | E11: 0 | F11: 8 | G11: 0 | H11: 1 | I11: 0 | J11: 5 | K11: 0 | L11: 0 | M11: 0 | N11: 19 | O11: 0
A12: 14 | B12: AUBAMEYANG Pierre-Emerick | C12: 1 | D12: 13 | E12: 10 | F12: 0 | G12: 0 | H12: 0 | I12: 0 | J12: 1 | K12: 0 | L12: 0 | M12: 0 | N12: 14 | O12: 10
A13: 16 | B13: HOLDING Rob | C13: 3 | D13: 12 | E13: 0 | F13: 8 | G13: 1 | H13: 1 | I13: 0 | J13: 4 | K13: 0 | L13: 1 | M13: 0 | N13: 26 | O13: 1
A14: 17 | B14: IWOBI Alex | C14: 5 | D14: 26 | E14: 3 | F14: 6 | G14: 0 | H14: 1 | I14: 0 | J14: 5 | K14: 0 | L14: 1 | M14: 0 | N14: 39 | O14: 3
A15: 18 | B15: MONREAL Nacho | C15: 6 | D15: 28 | E15: 5 | F15: 5 | G15: 1 | H15: 0 | I15: 0 | J15: 2 | K15: 0 | L15: 1 | M15: 0 | N15: 36 | O15: 6
... A24: 27 | B24: MAVROPANOS Konstantinos | C24: 1 | D24: 3 | E24: 0 | F24: 0 | G24: 0 | H24: 0 | I24: 0 | J24: 0 | K24: 0 | L24: 0 | M24: 0 | N24: 3 | O24: 0
A25: - | B25: CAMPBELL Joel | C25: 7 | D25: 0 | E25: 0 | F25: 0 | G25: 0 | H25: 0 | I25: 0 | J25: 0 | K25: 0 | L25: 0 | M25: 0 | N25: 0 | O25: 0
A26: 28 | B26: PEREZ Lucas | C26: 4 | D26: 0 | E26: 0 | F26: 0 | G26: 0 | H26: 0 | I26: 0 | J26: 0 | K26: 0 | L26: 0 | M26: 0 | N26: 0 | O26: 0
A27: 29 | B27: XHAKA Granit | C27: 3 | D27: 38 | E27: 1 | F27: 4 | G27: 1 | H27: 0 | I27: 0 | J27: 3 | K27: 1 | L27: 1 | M27: 0 | N27: 46 | O27: 3
A28: 30 | B28: MAITLAND-NILES Ainsley | C28: 5 | D28: 16 | E28: 0 | F28: 9 | G28: 0 | H28: 1 | I28: 0 | J28: 3 | K28: 0 | L28: 0 | M28: 0 | N28: 29 | O28: 0
A29: 31 | B29: KOLASINAC Sead | C29: 1 | D29: 26 | E29: 2 | F29: 5 | G29: 2 | H29: 0 | I29: 0 | J29: 3 | K29: 0 | L29: 1 | M29: 1 | N29: 35 | O29: 5
A30: 32 | B30: AKPOM Chuba | C30: 5 | D30: 0 | E30: 0 | F30: 0 | G30: 0 | H30: 1 | I30: 0 | J30: 1 | K30: 0 | L30: 0 | M30: 0 | N30: 2 | O30: 0
A31: 33 | B31: CECH Petr | C31: 3 | D31: 34 | E31: 0 | F31: 3 | G31: 0 | H31: 0 | I31: 0 | J31: 0 | K31: 0 | L31: 1 | M31: 0 | N31: 38 | O31: 0
A32: 35 | B32: ELNENY Mohamed | C32: 3 | D32: 13 | E32: 0 | F32: 12 | G32: 1 | H32: 1 | I32: 0 | J32: 5 | K32: 0 | L32: 1 | M32: 0 | N32: 32 | O32: 1
A33: 37 | B33: BIELIK Krystian | C33: 4 | D33: 0 | E33: 0 | F33: 0 | G33: 0 | H33: 0 | I33: 0 | J33: 0 | K33: 0 | L33: 0 | M33: 0 | N33: 0 | O33: 0
A34: 40 | B34: ZELALEM Gedion | C34: 5 | D34: 0 | E34: 0 | F34: 0 | G34: 0 | H34: 0 | I34: 0 | J34: 0 | K34: 0 | L34: 0 | M34: 0 | N34: 0 | O34: 0
A35: 43 | B35: DA SILVA Joshua | C35: 1 | D35: 0 | E35: 0 | F35: 0 | G35: 0 | H35: 0 | I35: 0 | J35: 3 | K35: 0 | L35: 0 | M35: 0 | N35: 3 | O35: 0
A36: 54 | B36: MACEY Matt | C36: 1 | D36: 0 | E36: 0 | F36: 0 | G36: 0 | H36: 0 | I36: 0 | J36: 1 | K36: 0 | L36: 0 | M36: 0 | N36: 1 | O36: 0
A37: 58 | B37: MCGUANE Marcus | C37: 1 | D37: 0 | E37: 0 | F37: 3 | G37: 0 | H37: 0 | I37: 0 | J37: 0 | K37: 0 | L37: 0 | M37: 0 | N37: 3 | O37: 0
... A41: 69 | B41: WILLOCK Joe | C41: 1 | D41: 2 | E41: 0 | F41: 5 | G41: 0 | H41: 1 | I41: 0 | J41: 3 | K41: 0 | L41: 0 | M41: 0 | N41: 11 | O41: 0

Sheet Apps & Goals 18-19
A1: Arsenal FC squad statistics
D2: Premier League | F2: Europa League | H2: FA Cup | J2: EFL Cup | L2: Community Shield | N2: Total
A3: # | B3: Name | C3: S | D3: Apps | E3: Goals | F3: Apps | G3: Goals | H3: Apps | I3: Goals | J3: Apps | K3: Goals | L3: Apps | M3: Goals | N3: Apps | O3: Goals
A4: 1 | B4: CECH Petr | C4: 4 | D4: 7 | E4: 0 | F4: 11 | G4: 0 | H4: 2 | I4: 0 | J4: 2 | K4: 0 | L4: 0 | M4: 0 | N4: 22 | O4: 0
A5: 2 | B5: BELLERIN Hector | C5: 6 | D5: 19 | E5: 0 | F5: 0 | G5: 0 | H5: 0 | I5: 0 | J5: 0 | K5: 0 | L5: 0 | M5: 0 | N5: 19 | O5: 0
A6: 4 | B6: ELNENY Mohamed | C6: 4 | D6: 8 | E6: 0 | F6: 7 | G6: 0 | H6: 1 | I6: 0 | J6: 1 | K6: 0 | L6: 0 | M6: 0 | N6: 17 | O6: 0
A7: 5 | B7: PAPASTATHOPULOS Sokratis | C7: 1 | D7: 25 | E7: 1 | F7: 12 | G7: 2 | H7: 2 | I7: 0 | J7: 1 | K7: 0 | L7: 0 | M7: 0 | N7: 40 | O7: 3
A8: 6 | B8: KOSCIELNY Laurent | C8: 9 | D8: 16 | E8: 3 | F8: 10 | G8: 0 | H8: 1 | I8: 0 | J8: 1 | K8: 0 | L8: 0 | M8: 0 | N8: 28 | O8: 3
A9: 7 | B9: MKHITARYAN Henrikh | C9: 2 | D9: 24 | E9: 6 | F9: 11 | G9: 0 | H9: 0 | I9: 0 | J9: 3 | K9: 0 | L9: 0 | M9: 0 | N9: 38 | O9: 6
A10: 8 | B10: RAMSEY Aaron | C10: 11 | D10: 29 | E10: 4 | F10: 7 | G10: 2 | H10: 2 | I10: 0 | J10: 3 | K10: 0 | L10: 0 | M10: 0 | N10: 41 | O10: 6
A11: 9 | B11: LACAZETTE Alexandre | C11: 2 | D11: 35 | E11: 13 | F11: 10 | G11: 5 | H11: 2 | I11: 0 | J11: 2 | K11: 1 | L11: 0 | M11: 0 | N11: 49 | O11: 19
A12: 10 | B12: OZIL Mesut | C12: 6 | D12: 23 | E12: 5 | F12: 10 | G12: 1 | H12: 1 | I12: 0 | J12: 0 | K12: 0 | L12: 0 | M12: 0 | N12: 34 | O12: 6
A13: 11 | B13: TORREIRA Lucas | C13: 1 | D13: 34 | E13: 2 | F13: 12 | G13: 0 | H13: 1 | I13: 0 | J13: 3 | K13: 0 | L13: 0 | M13: 0 | N13: 50 | O13: 2
A14: 12 | B14: LICHTSTEINER Stephan | C14: 1 | D14: 14 | E14: 0 | F14: 6 | G14: 0 | H14: 1 | I14: 0 | J14: 2 | K14: 1 | L14: 0 | M14: 0 | N14: 23 | O14: 1
A15: 13 | B15: OSPINA David | C15: 5 | D15: 0 | E15: 0 | F15: 0 | G15: 0 | H15: 0 | I15: 0 | J15: 0 | K15: 0 | L15: 0 | M15: 0 | N15: 0 | O15: 0
... A43: 87 | B43: SAKA Bukayo | C43: 1 | D43: 1 | E43: 0 | F43: 2 | G43: 0 | H43: 1 | I43: 0 | J43: 0 | K43: 0 | L43: 0 | M43: 0 | N43: 4 | O43: 0

Sheet Apps & Goals 19-20
A1: Arsenal FC squad statistics
D2: Premier League | F2: Europa League | H2: FA Cup | J2: EFL Cup | L2: Community Shield | N2: Total
A3: # | B3: Name | C3: S | D3: Apps | E3: Goals | F3: Apps | G3: Goals | H3: Apps | I3: Goals | J3: Apps | K3: Goals | L3: Apps | M3: Goals | N3: Apps | O3: Goals
A4: 1 | B4: LENO Berndt | C4: 1 | D4: 30 | E4: 0 | F4: 2 | G4: 0 | H4: 0 | I4: 0 | J4: 0 | K4: 0 | L4: 0 | M4: 0 | N4: 32 | O4: 0
A5: 2 | B5: BELLERIN Hector | C5: 6 | D5: 15 | E5: 1 | F5: 3 | G5: 0 | H5: 3 | I5: 0 | J5: 2 | K5: 0 | L5: 0 | M5: 0 | N5: 23 | O5: 1
A6: 3 | B6: TIERNEY Kieran | C6: 1 | D6: 15 | E6: 1 | F6: 4 | G6: 0 | H6: 3 | I6: 0 | J6: 2 | K6: 0 | L6: 0 | M6: 0 | N6: 24 | O6: 1
A7: 4 | B7: ELNENY Mohamed | C7: 4 | D7: 0 | E7: 0 | F7: 0 | G7: 0 | H7: 0 | I7: 0 | J7: 0 | K7: 0 | L7: 0 | M7: 0 | N7: 0 | O7: 0
A8: 5 | B8: PAPASTATHOPULOS Sokratis | C8: 1 | D8: 19 | E8: 2 | F8: 5 | G8: 0 | H8: 5 | I8: 1 | J8: 0 | K8: 0 | L8: 0 | M8: 0 | N8: 29 | O8: 3
A9: 7 | B9: MKHITARYAN Henrikh | C9: 2 | D9: 3 | E9: 0 | F9: 0 | G9: 0 | H9: 0 | I9: 0 | J9: 0 | K9: 0 | L9: 0 | M9: 0 | N9: 3 | O9: 0
A10: 8 | B10: CEBALLOS Dani | C10: 1 | D10: 24 | E10: 0 | F10: 6 | G10: 1 | H10: 5 | I10: 1 | J10: 2 | K10: 0 | L10: 0 | M10: 0 | N10: 37 | O10: 2
A11: 9 | B11: LACAZETTE Alexandre | C11: 2 | D11: 30 | E11: 10 | F11: 5 | G11: 2 | H11: 4 | I11: 0 | J11: 0 | K11: 0 | L11: 0 | M11: 0 | N11: 39 | O11: 12
A12: 10 | B12: OZIL Mesut | C12: 6 | D12: 18 | E12: 1 | F12: 2 | G12: 0 | H12: 1 | I12: 0 | J12: 2 | K12: 0 | L12: 0 | M12: 0 | N12: 23 | O12: 1
A13: 11 | B13: TORREIRA Lucas | C13: 1 | D13: 29 | E13: 1 | F13: 6 | G13: 0 | H13: 1 | I13: 0 | J13: 2 | K13: 1 | L13: 0 | M13: 0 | N13: 38 | O13: 2
A14: 14 | B14: AUBAMEYANG Pierre-Emerick | C14: 2 | D14: 36 | E14: 22 | F14: 6 | G14: 3 | H14: 2 | I14: 4 | J14: 0 | K14: 0 | L14: 0 | M14: 0 | N14: 44 | O14: 29
A15: 15 | B15: MAITLAND-NILES Ainsley | C15: 5 | D15: 20 | E15: 0 | F15: 6 | G15: 0 | H15: 5 | I15: 0 | J15: 1 | K15: 1 | L15: 0 | M15: 0 | N15: 32 | O15: 1
... A36: 77 | B36: SAKA Bukayo | C36: 1 | D36: 26 | E36: 1 | F36: 6 | G36: 2 | H36: 4 | I36: 1 | J36: 2 | K36: 0 | L36: 0 | M36: 0 | N36: 38 | O36: 4

Sheet Apps & Goals 20-21
A1: Arsenal FC squad statistics
C2: Premier League | E2: Europa League | G2: FA Cup | I2: EFL Cup | K2: Community Shield | M2: Total
A3: # | B3: Name | C3: Apps | D3: Goals | E3: Apps | F3: Goals | G3: Apps | H3: Goals | I3: Apps | J3: Goals | K3: Apps | L3: Goals | M3: Apps | N3: Goals
A4: 1 | B4: LENO Berndt | C4: 35 | D4: 0 | E4: 10 | F4: 0 | G4: 2 | H4: 0 | I4: 2 | J4: 0 | K4: 0 | L4: 0 | M4: 49 | N4: 0
A5: 2 | B5: BELLERIN Hector | C5: 25 | D5: 1 | E5: 7 | F5: 0 | G5: 1 | H5: 0 | I5: 1 | J5: 0 | K5: 1 | L5: 0 | M5: 35 | N5: 1
A6: 3 | B6: TIERNEY Kieran | C6: 27 | D6: 1 | E6: 8 | F6: 1 | G6: 1 | H6: 0 | I6: 0 | J6: 0 | K6: 1 | L6: 0 | M6: 37 | N6: 2
A7: 4 | B7: SALIBA William | C7: 0 | D7: 0 | E7: 0 | F7: 0 | G7: 0 | H7: 0 | I7: 0 | J7: 0 | K7: 0 | L7: 0 | M7: 0 | N7: 0
A8: 6 | B8: GABRIEL | C8: 23 | D8: 2 | E8: 6 | F8: 1 | G8: 1 | H8: 0 | I8: 2 | J8: 0 | K8: 0 | L8: 0 | M8: 32 | N8: 3
A9: 7 | B9: SAKA Bukayo | C9: 32 | D9: 5 | E9: 9 | F9: 2 | G9: 2 | H9: 0 | I9: 2 | J9: 0 | K9: 1 | L9: 0 | M9: 46 | N9: 7
A10: 8 | B10: CEBALLOS Dani | C10: 24 | D10: 0 | E10: 12 | F10: 0 | G10: 0 | H10: 0 | I10: 3 | J10: 0 | K10: 0 | L10: 0 | M10: 39 | N10: 0
A11: 9 | B11: LACAZETTE Alexandre | C11: 31 | D11: 13 | E11: 8 | F11: 3 | G11: 2 | H11: 0 | I11: 2 | J11: 1 | K11: 0 | L11: 0 | M11: 43 | N11: 17
A12: 11 | B12: TORREIRA Lucas | C12: 0 | D12: 0 | E12: 0 | F12: 0 | G12: 0 | H12: 0 | I12: 0 | J12: 0 | K12: 0 | L12: 0 | M12: 0 | N12: 0
A13: 11 | B13: ODEGAARD Martin | C13: 14 | D13: 1 | E13: 6 | F13: 1 | G13: 0 | H13: 0 | I13: 0 | J13: 0 | K13: 0 | L13: 0 | M13: 20 | N13: 2
A14: 12 | B14: WILLIAN | C14: 25 | D14: 1 | E14: 9 | F14: 0 | G14: 2 | H14: 0 | I14: 1 | J14: 0 | K14: 0 | L14: 0 | M14: 37 | N14: 1
A15: 13 | B15: RUNARSSON Runar | C15: 1 | D15: 0 | E15: 4 | F15: 0 | G15: 0 | H15: 0 | I15: 1 | J15: 0 | K15: 0 | L15: 0 | M15: 6 | N15: 0
... A40: 66 | B40: AZEEZ Miguel | C40: 0 | D40: 0 | E40: 1 | F40: 0 | G40: 0 | H40: 0 | I40: 0 | J40: 0 | K40: 0 | L40: 0 | M40: 1 | N40: 0

Sheet Apps & Goals 21-22
A1: Arsenal FC squad statistics
C2: Premier League | E2: Europa League | G2: FA Cup | I2: EFL Cup | K2: Community Shield | M2: Total
A3: # | B3: Name | C3: Apps | D3: Goals | E3: Apps | F3: Goals | G3: Apps | H3: Goals | I3: Apps | J3: Goals | K3: Apps | L3: Goals | M3: Apps | N3: Goals
A4: 1 | B4: LENO Berndt | C4: 4 | D4: 0 | E4: 0 | F4: 0 | G4: 1 | H4: 0 | I4: 3 | J4: 0 | K4: 0 | L4: 0 | M4: 8 | N4: 0
A5: 2 | B5: BELLERIN Hector | C5: 0 | D5: 0 | E5: 0 | F5: 0 | G5: 0 | H5: 0 | I5: 0 | J5: 0 | K5: 0 | L5: 0 | M5: 0 | N5: 0
A6: 3 | B6: TIERNEY Kieran | C6: 22 | D6: 1 | E6: 0 | F6: 0 | G6: 1 | H6: 0 | I6: 2 | J6: 0 | K6: 0 | L6: 0 | M6: 25 | N6: 1
A7: 4 | B7: WHITE Ben | C7: 32 | D7: 0 | E7: 0 | F7: 0 | G7: 0 | H7: 0 | I7: 4 | J7: 0 | K7: 0 | L7: 0 | M7: 36 | N7: 0
A8: 5 | B8: PARTEY Thomas | C8: 24 | D8: 2 | E8: 0 | F8: 0 | G8: 0 | H8: 0 | I8: 2 | J8: 0 | K8: 0 | L8: 0 | M8: 26 | N8: 2
A9: 6 | B9: GABRIEL | C9: 35 | D9: 5 | E9: 0 | F9: 0 | G9: 0 | H9: 0 | I9: 3 | J9: 0 | K9: 0 | L9: 0 | M9: 38 | N9: 5
A10: 7 | B10: SAKA Bukayo | C10: 38 | D10: 11 | E10: 0 | F10: 0 | G10: 0 | H10: 0 | I10: 4 | J10: 1 | K10: 0 | L10: 0 | M10: 42 | N10: 12
A11: 8 | B11: ODEGAARD Martin | C11: 36 | D11: 7 | E11: 0 | F11: 0 | G11: 0 | H11: 0 | I11: 3 | J11: 0 | K11: 0 | L11: 0 | M11: 39 | N11: 7
A12: 9 | B12: LACAZETTE Alexandre | C12: 30 | D12: 4 | E12: 0 | F12: 0 | G12: 1 | H12: 0 | I12: 5 | J12: 2 | K12: 0 | L12: 0 | M12: 36 | N12: 6
A13: 10 | B13: SMITH-ROWE Emile | C13: 34 | D13: 10 | E13: 0 | F13: 0 | G13: 1 | H13: 0 | I13: 4 | J13: 1 | K13: 0 | L13: 0 | M13: 39 | N13: 11
A14: 11 | B14: TORREIRA Lucas | C14: 0 | D14: 0 | E14: 0 | F14: 0 | G14: 0 | H14: 0 | I14: 0 | J14: 0 | K14: 0 | L14: 0 | M14: 0 | N14: 0
A15: 13 | B15: RUNARSSON Runar | C15: 0 | D15: 0 | E15: 0 | F15: 0 | G15: 0 | H15: 0 | I15: 0 | J15: 0 | K15: 0 | L15: 0 | M15: 0 | N15: 0
... A36: 87 | B36: PATINO Charlie | C36: 0 | D36: 0 | E36: 0 | F36: 0 | G36: 1 | H36: 0 | I36: 1 | J36: 1 | K36: 0 | L36: 0 | M36: 2 | N36: 1

Sheet Apps & Goals 22-23
A1: Arsenal FC squad statistics
C2: Premier League | E2: Europa League | G2: FA Cup | I2: EFL Cup | K2: Community Shield | M2: Total
A3: # | B3: Name | C3: Apps | D3: Goals | E3: Apps | F3: Goals | G3: Apps | H3: Goals | I3: Apps | J3: Goals | K3: Apps | L3: Goals | M3: Apps | N3: Goals
A4: 1 | B4: RAMSDALE Aaron | C4: 38 | D4: 0 | E4: 3 | F4: 0 | G4: 0 | H4: 0 | I4: 0 | J4: 0 | K4: 0 | L4: 0 | M4: 41 | N4: 0
A5: 3 | B5: TIERNEY Kieran | C5: 27 | D5: 0 | E5: 6 | F5: 1 | G5: 2 | H5: 0 | I5: 1 | J5: 0 | K5: 0 | L5: 0 | M5: 36 | N5: 1
A6: 4 | B6: WHITE Ben | C6: 38 | D6: 2 | E6: 7 | F6: 0 | G6: 1 | H6: 0 | I6: 0 | J6: 0 | K6: 0 | L6: 0 | M6: 46 | N6: 2
A7: 5 | B7: PARTEY Thomas | C7: 33 | D7: 3 | E7: 6 | F7: 0 | G7: 1 | H7: 0 | I7: 0 | J7: 0 | K7: 0 | L7: 0 | M7: 40 | N7: 3
A8: 6 | B8: GABRIEL | C8: 38 | D8: 3 | E8: 7 | F8: 0 | G8: 2 | H8: 0 | I8: 1 | J8: 0 | K8: 0 | L8: 0 | M8: 48 | N8: 3
A9: 7 | B9: SAKA Bukayo | C9: 38 | D9: 14 | E9: 8 | F9: 1 | G9: 2 | H9: 0 | I9: 0 | J9: 0 | K9: 0 | L9: 0 | M9: 48 | N9: 15
A10: 8 | B10: ODEGAARD Martin | C10: 37 | D10: 15 | E10: 7 | F10: 0 | G10: 1 | H10: 0 | I10: 0 | J10: 0 | K10: 0 | L10: 0 | M10: 45 | N10: 15
A11: 9 | B11: JESUS Gabriel | C11: 26 | D11: 11 | E11: 6 | F11: 0 | G11: 0 | H11: 0 | I11: 1 | J11: 0 | K11: 0 | L11: 0 | M11: 33 | N11: 11
A12: 10 | B12: SMITH-ROWE Emile | C12: 12 | D12: 0 | E12: 1 | F12: 0 | G12: 1 | H12: 0 | I12: 0 | J12: 0 | K12: 0 | L12: 0 | M12: 14 | N12: 0
A13: 11 | B13: MARTINELLI Gabriel | C13: 36 | D13: 15 | E13: 6 | F13: 0 | G13: 2 | H13: 0 | I13: 1 | J13: 0 | K13: 0 | L13: 0 | M13: 45 | N13: 15
A14: 12 | B14: SALIBA William | C14: 27 | D14: 2 | E14: 4 | F14: 1 | G14: 1 | H14: 0 | I14: 1 | J14: 0 | K14: 0 | L14: 0 | M14: 33 | N14: 3
A15: 13 | B15: RUNARSSON Runar | C15: 0 | D15: 0 | E15: 0 | F15: 0 | G15: 0 | H15: 0 | I15: 0 | J15: 0 | K15: 0 | L15: 0 | M15: 0 | N15: 0
... A41: 87 | B41: PATINO Charlie | C41: 0 | D41: 0 | E41: 0 | F41: 0 | G41: 0 | H41: 0 | I41: 0 | J41: 0 | K41: 0 | L41: 0 | M41: 0 | N41: 0

Sheet Apps & Goals 23-24
A1: Arsenal FC squad statistics
C2: Premier League | E2: Europe | G2: FA Cup | I2: EFL Cup | K2: Community Shield | M2: Total
A3: # | B3: Name | C3: Apps | D3: Goals | E3: Apps | F3: Goals | G3: Apps | H3: Goals | I3: Apps | J3: Goals | K3: Apps | L3: Goals | M3: Apps | N3: Goals
A4: 1 | B4: RAMSDALE Aaron | C4: 6 | D4: 0 | E4: 1 | F4: 0 | G4: 1 | H4: 0 | I4: 2 | J4: 0 | K4: 1 | L4: 0 | M4: 11 | N4: 0
A5: 2 | B5: SALIBA William | C5: 38 | D5: 2 | E5: 10 | F5: 0 | G5: 1 | H5: 0 | I5: 0 | J5: 0 | K5: 1 | L5: 0 | M5: 50 | N5: 2
A6: 3 | B6: TIERNEY Kieran | C6: 0 | D6: 0 | E6: 0 | F6: 0 | G6: 0 | H6: 0 | I6: 0 | J6: 0 | K6: 1 | L6: 0 | M6: 1 | N6: 0
A7: 4 | B7: WHITE Ben | C7: 37 | D7: 4 | E7: 10 | F7: 0 | G7: 1 | H7: 0 | I7: 2 | J7: 0 | K7: 1 | L7: 0 | M7: 51 | N7: 4
A8: 5 | B8: PARTEY Thomas | C8: 14 | D8: 0 | E8: 1 | F8: 0 | G8: 0 | H8: 0 | I8: 0 | J8: 0 | K8: 1 | L8: 0 | M8: 16 | N8: 0
A9: 6 | B9: GABRIEL | C9: 36 | D9: 4 | E9: 10 | F9: 0 | G9: 1 | H9: 0 | I9: 2 | J9: 0 | K9: 1 | L9: 0 | M9: 50 | N9: 4
A10: 7 | B10: SAKA Bukayo | C10: 35 | D10: 16 | E10: 9 | F10: 4 | G10: 1 | H10: 0 | I10: 1 | J10: 0 | K10: 1 | L10: 0 | M10: 47 | N10: 20
A11: 8 | B11: ODEGAARD Martin | C11: 35 | D11: 8 | E11: 9 | F11: 2 | G11: 1 | H11: 0 | I11: 2 | J11: 1 | K11: 1 | L11: 0 | M11: 48 | N11: 11
A12: 9 | B12: JESUS Gabriel | C12: 27 | D12: 4 | E12: 8 | F12: 4 | G12: 0 | H12: 0 | I12: 1 | J12: 0 | K12: 0 | L12: 0 | M12: 36 | N12: 8
A13: 10 | B13: SMITH-ROWE Emile | C13: 13 | D13: 0 | E13: 3 | F13: 0 | G13: 1 | H13: 0 | I13: 1 | J13: 0 | K13: 1 | L13: 0 | M13: 19 | N13: 0
A14: 11 | B14: MARTINELLI Gabriel | C14: 35 | D14: 6 | E14: 7 | F14: 2 | G14: 1 | H14: 0 | I14: 1 | J14: 0 | K14: 1 | L14: 0 | M14: 45 | N14: 8
A15: 12 | B15: TIMBER Jurrien | C15: 2 | D15: 0 | E15: 0 | F15: 0 | G15: 0 | H15: 0 | I15: 0 | J15: 0 | K15: 1 | L15: 0 | M15: 3 | N15: 0
... A38: 87 | B38: PATINO Charlie | C38: 0 | D38: 0 | E38: 0 | F38: 0 | G38: 0 | H38: 0 | I38: 0 | J38: 0 | K38: 0 | L38: 0 | M38: 0 | N38: 0

Sheet Apps & Goals 24-25
A1: Arsenal FC squad statistics
C2: Premier League | E2: Europe | G2: FA Cup | I2: EFL Cup | K2: Community Shield | M2: Total
A3: # | B3: Name | C3: Apps | D3: Goals | E3: Apps | F3: Goals | G3: Apps | H3: Goals | I3: Apps | J3: Goals | K3: Apps | L3: Goals | M3: Apps | N3: Goals
A4: 2 | B4: SALIBA William | C4: 35 | D4: 2 | E4: 10 | F4: 0 | G4: 1 | H4: 0 | I4: 4 | J4: 0 | K4: 0 | L4: 0 | M4: 50 | N4: 2
A5: 3 | B5: TIERNEY Kieran | C5: 13 | D5: 1 | E5: 5 | F5: 0 | G5: 1 | H5: 0 | I5: 1 | J5: 0 | K5: 0 | L5: 0 | M5: 20 | N5: 1
A6: 4 | B6: WHITE Ben | C6: 17 | D6: 0 | E6: 9 | F6: 0 | G6: 0 | H6: 0 | I6: 0 | J6: 0 | K6: 0 | L6: 0 | M6: 26 | N6: 0
A7: 5 | B7: PARTEY Thomas | C7: 34 | D7: 4 | E7: 10 | F7: 0 | G7: 1 | H7: 0 | I7: 4 | J7: 0 | K7: 0 | L7: 0 | M7: 49 | N7: 4
A8: 6 | B8: GABRIEL | C8: 28 | D8: 3 | E8: 8 | F8: 1 | G8: 1 | H8: 1 | I8: 3 | J8: 0 | K8: 0 | L8: 0 | M8: 40 | N8: 5
A9: 7 | B9: SAKA Bukayo | C9: 25 | D9: 6 | E9: 8 | F9: 4 | G9: 0 | H9: 0 | I9: 3 | J9: 0 | K9: 0 | L9: 0 | M9: 36 | N9: 10
A10: 8 | B10: ODEGAARD Martin | C10: 31 | D10: 3 | E10: 9 | F10: 3 | G10: 1 | H10: 0 | I10: 3 | J10: 0 | K10: 0 | L10: 0 | M10: 44 | N10: 6
A11: 9 | B11: JESUS Gabriel | C11: 17 | D11: 3 | E11: 5 | F11: 0 | G11: 1 | H11: 0 | I11: 4 | J11: 4 | K11: 0 | L11: 0 | M11: 27 | N11: 7
A12: 11 | B12: MARTINELLI Gabriel | C12: 34 | D12: 8 | E12: 11 | F12: 2 | G12: 1 | H12: 0 | I12: 4 | J12: 0 | K12: 0 | L12: 0 | M12: 50 | N12: 10
A13: 12 | B13: TIMBER Jurrien | C13: 30 | D13: 1 | E13: 11 | F13: 1 | G13: 1 | H13: 0 | I13: 4 | J13: 0 | K13: 0 | L13: 0 | M13: 46 | N13: 2
A14: 15 | B14: KIWIOR Jakub | C14: 17 | D14: 1 | E14: 8 | F14: 0 | G14: 0 | H14: 0 | I14: 3 | J14: 0 | K14: 0 | L14: 0 | M14: 28 | N14: 1
A15: 17 | B15: ZINCHENKO Oleksandr | C15: 15 | D15: 0 | E15: 6 | F15: 1 | G15: 0 | H15: 0 | I15: 2 | J15: 0 | K15: 0 | L15: 0 | M15: 23 | N15: 1
... A41: 92 | B41: PORTER Jack | C41: 0 | D41: 0 | E41: 0 | F41: 0 | G41: 0 | H41: 0 | I41: 1 | J41: 0 | K41: 0 | L41: 0 | M41: 1 | N41: 0

Sheet Apps & Goals 25-26
A1: Arsenal FC squad statistics
C2: Premier League | E2: Europe | G2: FA Cup | I2: EFL Cup | K2: Community Shield | M2: Total
A3: # | B3: Name | C3: Apps | D3: Goals | E3: Apps | F3: Goals | G3: Apps | H3: Goals | I3: Apps | J3: Goals | K3: Apps | L3: Goals | M3: Apps | N3: Goals
A4: 1 | B4: RAYA David | C4: 37 | D4: 0 | E4: 14 | F4: 0 | G4: 0 | H4: 0 | I4: 0 | J4: 0 | K4: 0 | L4: 0 | M4: 51 | N4: 0
A5: 2 | B5: SALIBA William | C5: 31 | D5: 1 | E5: 12 | F5: 0 | G5: 2 | H5: 0 | I5: 5 | J5: 0 | K5: 0 | L5: 0 | M5: 50 | N5: 1
A6: 3 | B6: MOSQUERA Cristhian | C6: 20 | D6: 0 | E6: 10 | F6: 0 | G6: 3 | H6: 0 | I6: 2 | J6: 0 | K6: 0 | L6: 0 | M6: 35 | N6: 0
A7: 4 | B7: WHITE Ben | C7: 12 | D7: 0 | E7: 10 | F7: 0 | G7: 3 | H7: 0 | I7: 4 | J7: 1 | K7: 0 | L7: 0 | M7: 29 | N7: 1
A8: 5 | B8: HINCAPIE Piero | C8: 25 | D8: 1 | E8: 9 | F8: 0 | G8: 1 | H8: 0 | I8: 3 | J8: 0 | K8: 0 | L8: 0 | M8: 38 | N8: 1
A9: 6 | B9: GABRIEL | C9: 32 | D9: 3 | E9: 12 | F9: 1 | G9: 2 | H9: 0 | I9: 5 | J9: 0 | K9: 0 | L9: 0 | M9: 51 | N9: 4
A10: 7 | B10: SAKA Bukayo | C10: 31 | D10: 7 | E10: 11 | F10: 3 | G10: 2 | H10: 0 | I10: 5 | J10: 1 | K10: 0 | L10: 0 | M10: 49 | N10: 11
A11: 8 | B11: ODEGAARD Martin | C11: 24 | D11: 1 | E11: 7 | F11: 0 | G11: 2 | H11: 0 | I11: 2 | J11: 0 | K11: 0 | L11: 0 | M11: 35 | N11: 1
A12: 9 | B12: JESUS Gabriel | C12: 14 | D12: 3 | E12: 6 | F12: 2 | G12: 4 | H12: 1 | I12: 3 | J12: 0 | K12: 0 | L12: 0 | M12: 27 | N12: 6
A13: 10 | B13: EZE Eberechi | C13: 32 | D13: 6 | E13: 13 | F13: 1 | G13: 3 | H13: 1 | I13: 4 | J13: 1 | K13: 0 | L13: 0 | M13: 52 | N13: 9
A14: 11 | B14: MARTINELLI Gabriel | C14: 29 | D14: 1 | E14: 13 | F14: 6 | G14: 4 | H14: 4 | I14: 5 | J14: 0 | K14: 0 | L14: 0 | M14: 51 | N14: 11
A15: 12 | B15: TIMBER Jurrien | C15: 30 | D15: 3 | E15: 8 | F15: 1 | G15: 2 | H15: 0 | I15: 4 | J15: 0 | K15: 0 | L15: 0 | M15: 44 | N15: 4
... A42: 92 | B42: PORTER Jack | C42: 0 | D42: 0 | E42: 0 | F42: 0 | G42: 0 | H42: 0 | I42: 0 | J42: 0 | K42: 0 | L42: 0 | M42: 0 | N42: 0

Sheet Apps & Goals 26-27
A1: Arsenal FC squad statistics
C2: Premier League | F2: Europe | I2: FA Cup | L2: EFL Cup | O2: Community Shield | R2: Total
A3: # | B3: Name | C3: App | D3: Gls | E3: Ast | F3: App | G3: Gls | H3: Ast | I3: App | J3: Gls | K3: Ast | L3: App | M3: Gls | N3: Ast | O3: App | P3: Gls | Q3: Ast | R3: App | S3: Gls | T3: Ast
A4: 1 | B4: RAYA David | C4: ='Premier League'!C4 -> 6 | D4: ='Premier League'!D4 -> 0 | E4: ='Premier League'!E4 -> 0 | F4: =Europe!C4 -> 1 | G4: =Europe!D4 -> 0 | H4: =Europe!E4 -> 0 | I4: ='FA Cup'!C4 -> 0 | J4: ='FA Cup'!D4 -> 0 | K4: ='FA Cup'!E4 -> 0 | L4: ='League Cup'!C4 -> 0 | M4: ='League Cup'!D4 -> 0 | N4: ='League Cup'!E4 -> 0 | O4: ='Other (CS)'!C3 -> 1 | P4: ='Other (CS)'!D3 -> 0 | Q4: ='Other (CS)'!E3 -> 0 | R4: =SUM(C4,F4,I4,L4,O4) -> 8 | S4: =SUM(D4,G4,J4,M4,P4) -> 0 | T4: =SUM(E4,H4,K4,N4,Q4) -> 0
A5: 2 | B5: SALIBA William | C5: ='Premier League'!C5 -> 0 | D5: ='Premier League'!D5 -> 0 | E5: ='Premier League'!E5 -> 0 | F5: =Europe!C5 -> 0 | G5: =Europe!D5 -> 0 | H5: =Europe!E5 -> 0 | I5: ='FA Cup'!C5 -> 0 | J5: ='FA Cup'!D5 -> 0 | K5: ='FA Cup'!E5 -> 0 | L5: ='League Cup'!C5 -> 0 | M5: ='League Cup'!D5 -> 0 | N5: ='League Cup'!E5 -> 0 | O5: ='Other (CS)'!C4 -> 0 | P5: ='Other (CS)'!D4 -> 0 | Q5: ='Other (CS)'!E4 -> 0 | R5: =SUM(C5,F5,I5,L5,O5) -> 0 | S5: =SUM(D5,G5,J5,M5,P5) -> 0 | T5: =SUM(E5,H5,K5,N5,Q5) -> 0
A6: 3 | B6: MOSQUERA Cristhian | C6: ='Premier League'!C6 -> 2 | D6: ='Premier League'!D6 -> 0 | E6: ='Premier League'!E6 -> 0 | F6: =Europe!C6 -> 0 | G6: =Europe!D6 -> 0 | H6: =Europe!E6 -> 0 | I6: ='FA Cup'!C6 -> 0 | J6: ='FA Cup'!D6 -> 0 | K6: ='FA Cup'!E6 -> 0 | L6: ='League Cup'!C6 -> 0 | M6: ='League Cup'!D6 -> 0 | N6: ='League Cup'!E6 -> 0 | O6: ='Other (CS)'!C5 -> 1 | P6: ='Other (CS)'!D5 -> 0 | Q6: ='Other (CS)'!E5 -> 0 | R6: =SUM(C6,F6,I6,L6,O6) -> 3 | S6: =SUM(D6,G6,J6,M6,P6) -> 0 | T6: =SUM(E6,H6,K6,N6,Q6) -> 0
A7: 4 | B7: WHITE Ben | C7: ='Premier League'!C7 -> 5 | D7: ='Premier League'!D7 -> 0 | E7: ='Premier League'!E7 -> 2 | F7: =Europe!C7 -> 1 | G7: =Europe!D7 -> 0 | H7: =Europe!E7 -> 0 | I7: ='FA Cup'!C7 -> 0 | J7: ='FA Cup'!D7 -> 0 | K7: ='FA Cup'!E7 -> 0 | L7: ='League Cup'!C7 -> 0 | M7: ='League Cup'!D7 -> 0 | N7: ='League Cup'!E7 -> 0 | O7: ='Other (CS)'!C6 -> 1 | P7: ='Other (CS)'!D6 -> 0 | Q7: ='Other (CS)'!E6 -> 0 | R7: =SUM(C7,F7,I7,L7,O7) -> 7 | S7: =SUM(D7,G7,J7,M7,P7) -> 0 | T7: =SUM(E7,H7,K7,N7,Q7) -> 2
A8: 5 | B8: HINCAPIE Piero | C8: ='Premier League'!C8 -> 3 | D8: ='Premier League'!D8 -> 0 | E8: ='Premier League'!E8 -> 0 | F8: =Europe!C8 -> 1 | G8: =Europe!D8 -> 0 | H8: =Europe!E8 -> 0 | I8: ='FA Cup'!C8 -> 0 | J8: ='FA Cup'!D8 -> 0 | K8: ='FA Cup'!E8 -> 0 | L8: ='League Cup'!C8 -> 0 | M8: ='League Cup'!D8 -> 0 | N8: ='League Cup'!E8 -> 0 | O8: ='Other (CS)'!C7 -> 1 | P8: ='Other (CS)'!D7 -> 0 | Q8: ='Other (CS)'!E7 -> 0 | R8: =SUM(C8,F8,I8,L8,O8) -> 5 | S8: =SUM(D8,G8,J8,M8,P8) -> 0 | T8: =SUM(E8,H8,K8,N8,Q8) -> 0
A9: 6 | B9: GABRIEL | C9: ='Premier League'!C9 -> 6 | D9: ='Premier League'!D9 -> 0 | E9: ='Premier League'!E9 -> 0 | F9: =Europe!C9 -> 1 | G9: =Europe!D9 -> 0 | H9: =Europe!E9 -> 0 | I9: ='FA Cup'!C9 -> 0 | J9: ='FA Cup'!D9 -> 0 | K9: ='FA Cup'!E9 -> 0 | L9: ='League Cup'!C9 -> 1 | M9: ='League Cup'!D9 -> 0 | N9: ='League Cup'!E9 -> 0 | O9: ='Other (CS)'!C8 -> 1 | P9: ='Other (CS)'!D8 -> 0 | Q9: ='Other (CS)'!E8 -> 0 | R9: =SUM(C9,F9,I9,L9,O9) -> 9 | S9: =SUM(D9,G9,J9,M9,P9) -> 0 | T9: =SUM(E9,H9,K9,N9,Q9) -> 0
A10: 7 | B10: SAKA Bukayo | C10: ='Premier League'!C10 -> 6 | D10: ='Premier League'!D10 -> 3 | E10: ='Premier League'!E10 -> 0 | F10: =Europe!C10 -> 1 | G10: =Europe!D10 -> 0 | H10: =Europe!E10 -> 0 | I10: ='FA Cup'!C10 -> 0 | J10: ='FA Cup'!D10 -> 0 | K10: ='FA Cup'!E10 -> 0 | L10: ='League Cup'!C10 -> 0 | M10: ='League Cup'!D10 -> 0 | N10: ='League Cup'!E10 -> 0 | O10: ='Other (CS)'!C9 -> 1 | P10: ='Other (CS)'!D9 -> 0 | Q10: ='Other (CS)'!E9 -> 0 | R10: =SUM(C10,F10,I10,L10,O10) -> 8 | S10: =SUM(D10,G10,J10,M10,P10) -> 3 | T10: =SUM(E10,H10,K10,N10,Q10) -> 0
A11: 8 | B11: ODEGAARD Martin | C11: ='Premier League'!C11 -> 6 | D11: ='Premier League'!D11 -> 2 | E11: ='Premier League'!E11 -> 0 | F11: =Europe!C11 -> 1 | G11: =Europe!D11 -> 1 | H11: =Europe!E11 -> 0 | I11: ='FA Cup'!C11 -> 0 | J11: ='FA Cup'!D11 -> 0 | K11: ='FA Cup'!E11 -> 0 | L11: ='League Cup'!C11 -> 1 | M11: ='League Cup'!D11 -> 0 | N11: ='League Cup'!E11 -> 0 | O11: ='Other (CS)'!C10 -> 1 | P11: ='Other (CS)'!D10 -> 1 | Q11: ='Other (CS)'!E10 -> 0 | R11: =SUM(C11,F11,I11,L11,O11) -> 9 | S11: =SUM(D11,G11,J11,M11,P11) -> 4 | T11: =SUM(E11,H11,K11,N11,Q11) -> 0
A12: 10 | B12: EZE Eberechi | C12: ='Premier League'!C12 -> 4 | D12: ='Premier League'!D12 -> 0 | E12: ='Premier League'!E12 -> 0 | F12: =Europe!C12 -> 1 | G12: =Europe!D12 -> 0 | H12: =Europe!E12 -> 0 | I12: ='FA Cup'!C12 -> 0 | J12: ='FA Cup'!D12 -> 0 | K12: ='FA Cup'!E12 -> 0 | L12: ='League Cup'!C12 -> 1 | M12: ='League Cup'!D12 -> 0 | N12: ='League Cup'!E12 -> 1 | O12: ='Other (CS)'!C11 -> 1 | P12: ='Other (CS)'!D11 -> 0 | Q12: ='Other (CS)'!E11 -> 0 | R12: =SUM(C12,F12,I12,L12,O12) -> 7 | S12: =SUM(D12,G12,J12,M12,P12) -> 0 | T12: =SUM(E12,H12,K12,N12,Q12) -> 1
A13: 12 | B13: TIMBER Jurrien | C13: ='Premier League'!C13 -> 3 | D13: ='Premier League'!D13 -> 0 | E13: ='Premier League'!E13 -> 0 | F13: =Europe!C13 -> 0 | G13: =Europe!D13 -> 0 | H13: =Europe!E13 -> 0 | I13: ='FA Cup'!C13 -> 0 | J13: ='FA Cup'!D13 -> 0 | K13: ='FA Cup'!E13 -> 0 | L13: ='League Cup'!C13 -> 0 | M13: ='League Cup'!D13 -> 0 | N13: ='League Cup'!E13 -> 0 | O13: ='Other (CS)'!C12 -> 0 | P13: ='Other (CS)'!D12 -> 0 | Q13: ='Other (CS)'!E12 -> 0 | R13: =SUM(C13,F13,I13,L13,O13) -> 3 | S13: =SUM(D13,G13,J13,M13,P13) -> 0 | T13: =SUM(E13,H13,K13,N13,Q13) -> 0
A14: 13 | B14: KEPA Arrizabalaga | C14: ='Premier League'!C14 -> 0 | D14: ='Premier League'!D14 -> 0 | E14: ='Premier League'!E14 -> 0 | F14: =Europe!C14 -> 0 | G14: =Europe!D14 -> 0 | H14: =Europe!E14 -> 0 | I14: ='FA Cup'!C14 -> 0 | J14: ='FA Cup'!D14 -> 0 | K14: ='FA Cup'!E14 -> 0 | L14: ='League Cup'!C14 -> 1 | M14: ='League Cup'!D14 -> 0 | N14: ='League Cup'!E14 -> 0 | O14: ='Other (CS)'!C13 -> 0 | P14: ='Other (CS)'!D13 -> 0 | Q14: ='Other (CS)'!E13 -> 0 | R14: =SUM(C14,F14,I14,L14,O14) -> 1 | S14: =SUM(D14,G14,J14,M14,P14) -> 0 | T14: =SUM(E14,H14,K14,N14,Q14) -> 0
A15: 14 | B15: GYOKERES Viktor | C15: ='Premier League'!C15 -> 3 | D15: ='Premier League'!D15 -> 0 | E15: ='Premier League'!E15 -> 0 | F15: =Europe!C15 -> 1 | G15: =Europe!D15 -> 0 | H15: =Europe!E15 -> 0 | I15: ='FA Cup'!C15 -> 0 | J15: ='FA Cup'!D15 -> 0 | K15: ='FA Cup'!E15 -> 0 | L15: ='League Cup'!C15 -> 1 | M15: ='League Cup'!D15 -> 0 | N15: ='League Cup'!E15 -> 0 | O15: ='Other (CS)'!C14 -> 1 | P15: ='Other (CS)'!D14 -> 0 | Q15: ='Other (CS)'!E14 -> 0 | R15: =SUM(C15,F15,I15,L15,O15) -> 6 | S15: =SUM(D15,G15,J15,M15,P15) -> 0 | T15: =SUM(E15,H15,K15,N15,Q15) -> 0
... A38: 89 | B38: SALMON Marli | C38: ='Premier League'!C38 -> 0 | D38: ='Premier League'!D38 -> 0 | E38: ='Premier League'!E38 -> 0 | F38: =Europe!C38 -> 0 | G38: =Europe!D38 -> 0 | H38: =Europe!E38 -> 0 | I38: ='FA Cup'!C38 -> 0 | J38: ='FA Cup'!D38 -> 0 | K38: ='FA Cup'!E38 -> 0 | L38: ='League Cup'!C38 -> 1 | M38: ='League Cup'!D38 -> 0 | N38: ='League Cup'!E38 -> 0 | O38: ='Other (CS)'!C37 -> 0 | P38: ='Other (CS)'!D37 -> 0 | Q38: ='Other (CS)'!E37 -> 0 | R38: =SUM(C38,F38,I38,L38,O38) -> 1 | S38: =SUM(D38,G38,J38,M38,P38) -> 0 | T38: =SUM(E38,H38,K38,N38,Q38) -> 0

Sheet Graph

Sheet Ex-Players
E1: Premier League | H1: Europe | K1: FA Cup | N1: EFL Cup | Q1: Community Shield | T1: Total
A2: # | D2: Name | E2: App | F2: Gls | G2: Ast | H2: App | I2: Gls | J2: Ast | K2: App | L2: Gls | M2: Ast | N2: App | O2: Gls | P2: Ast | Q2: App | R2: Gls | S2: Ast | T2: App | U2: Gls | V2: Ast
A3: 14 | B3: ENG | C3: FW | D3: WALCOTT Theo | E3: 270 | F3: 65 | H3: 72 | I3: 21 | K3: 32 | L3: 12 | N3: 21 | O3: 10 | Q3: 2 | R3: 0 | T3: 397 | U3: 108 | V3: 56
A4: 8 | B4: WAL | C4: MF | D4: RAMSEY Aaron | E4: 263 | F4: 40 | H4: 63 | I4: 17 | K4: 27 | L4: 6 | N4: 15 | O4: 0 | Q4: 2 | R4: 1 | T4: 369 | U4: 64 | V4: 47
A5: 6 | B5: FRA | C5: DF | D5: KOSCIELNY Laurent | E5: 255 | F5: 22 | H5: 61 | I5: 2 | K5: 23 | L5: 1 | N5: 12 | O5: 2 | Q5: 2 | R5: 0 | T5: 353 | U5: 27 | V5: 2
A6: 34 | B6: SUI | C6: MF | D6: XHAKA Granit | E6: 225 | F6: 17 | H6: 43 | I6: 4 | K6: 16 | L6: 0 | N6: 11 | O6: 2 | Q6: 2 | R6: 0 | T6: 297 | U6: 23 | V6: 29
A7: 11 | B7: BRA | C7: FW | D7: MARTINELLI Gabriel | E7: 191 | F7: 41 | G7: 24 | H7: 53 | I7: 13 | J7: 8 | K7: 13 | L7: 4 | M7: 3 | N7: 20 | O7: 4 | P7: 1 | Q7: 1 | R7: 0 | S7: 0 | T7: 278 | U7: 62 | V7: 70
A8: 10 | B8: GER | C8: MF | D8: OZIL Mesut | E8: 184 | F8: 33 | H8: 48 | I8: 9 | K8: 17 | L8: 2 | N8: 4 | O8: 0 | Q8: 1 | R8: 0 | T8: 254 | U8: 44 | V8: 34
A9: 12 | B9: FRA | C9: FW | D9: GIROUD Olivier | E9: 179 | F9: 73 | H9: 38 | I9: 16 | K9: 23 | L9: 13 | N9: 9 | O9: 2 | Q9: 3 | R9: 1 | T9: 253 | U9: 105 | V9: 17
A10: 18 | B10: ESP | C10: DF | D10: MONREAL Nacho | E10: 187 | F10: 7 | H10: 42 | I10: 1 | K10: 13 | L10: 2 | N10: 6 | O10: 0 | Q10: 3 | R10: 0 | T10: 251 | U10: 10 | V10: 18
A11: 7 | B11: CZE | C11: MF | D11: ROSICKY Thomas | E11: 170 | F11: 19 | H11: 46 | I11: 4 | K11: 21 | L11: 5 | N11: 9 | O11: 0 | Q11: 1 | R11: 0 | T11: 247 | U11: 28 | V11: 8
A12: 20 | B12: FRA | C12: MF | D12: FLAMINI Mathieu | E12: =102+66 -> 168 | F12: 10 | H12: 47 | I12: 1 | K12: 29 | L12: 2 | N12: 8 | O12: 2 | Q12: 2 | R12: 0 | T12: 246 | U12: 13 | V12: 29
A13: 2 | B13: ESP | C13: DF | D13: BELLERIN Hector | E13: 183 | F13: 8 | H13: 33 | I13: 1 | K13: 12 | L13: 0 | N13: 8 | O13: 0 | Q13: 3 | R13: 0 | T13: 239 | U13: 9 | V13: 16
A14: 3 | B14: ENG | C14: DF | D14: GIBBS Kieran | E14: 137 | F14: 2 | H14: 43 | I14: 2 | K14: 30 | L14: 1 | N14: 18 | O14: 1 | Q14: 2 | R14: 0 | T14: 230 | U14: 6 | V14: 2
A15: 4 | B15: GER | C15: DF | D15: MERTESACKER Per | E15: 156 | F15: 6 | H15: 39 | I15: 0 | K15: 19 | L15: 4 | N15: 5 | O15: 0 | Q15: 2 | R15: 0 | T15: 221 | U15: 10 | V15: 30
A16: 9 | B16: FRA | C16: FW | D16: LACAZETTE Alexandre | E16: 158 | F16: 54 | H16: 27 | I16: 13 | K16: 9 | L16: 0 | N16: 11 | O16: 4 | Q16: 1 | R16: 0 | T16: 206 | U16: 71 | V16: 23
A17: 15 | B17: ENG | C17: MF | D17: OXLADE-CHAMBERLAIN Alex | E17: 132 | F17: 9 | H17: 31 | I17: 4 | K17: 21 | L17: 1 | N17: 11 | O17: 5 | Q17: 3 | R17: 1 | T17: 198 | U17: 20 | V17: 22
A18: 10 | B18: ENG | C18: MF | D18: WILSHERE Jack | E18: 125 | F18: 7 | H18: 40 | I18: 5 | K18: 13 | L18: 1 | N18: 18 | O18: 1 | Q18: 1 | R18: 0 | T18: 197 | U18: 14 | V18: 0
A19: 1 | B19: POL | C19: GK | D19: SZCZESNY Wojciech | E19: 132 | F19: 0 | H19: 29 | I19: 0 | K19: 12 | L19: 0 | N19: 7 | O19: 0 | Q19: 1 | R19: 0 | T19: 181 | U19: 0 | V19: 41
A20: 19 | B20: ESP | C20: MF | D20: CAZORLA Santi | E20: 129 | F20: 25 | H20: 32 | I20: 0 | K20: 14 | L20: 3 | N20: 3 | O20: 0 | Q20: 2 | R20: 1 | T20: 180 | U20: 29 | V20: 12
A21: 24 | B21: FRA | C21: MF | D21: DIABY Abou | E21: 124 | F21: 14 | H21: 29 | I21: 4 | K21: 19 | L21: 1 | N21: 8 | O21: 0 | Q21: 0 | R21: 0 | T21: 180 | U21: 19 | V21: 31
A22: 19 | B22: BEL | C22: FW | D22: TROSSARD Leandro | E22: 123 | F22: 27 | H22: 35 | I22: 7 | K22: 5 | L22: 0 | N22: 10 | O22: 1 | Q22: 1 | R22: 1 | T22: 174 | U22: 36 | V22: 8
A23: 14 | B23: ENG | C23: FW | D23: NKETIAH Eddie | E23: 116 | F23: 19 | H23: 27 | I23: 6 | K23: 11 | L23: 4 | N23: 12 | O23: 9 | Q23: 2 | R23: 0 | T23: 168 | U23: 38 | V23: 40
A24: 7 | B24: CHI | C24: FW | D24: SANCHEZ Alexis | E24: 122 | F24: 60 | H24: 25 | I24: 11 | K24: 14 | L24: 8 | N24: 3 | O24: 1 | Q24: 1 | R24: 0 | T24: 165 | U24: 80 | V24: 6
... A38: 21 | B38: ENG | C38: DF | D38: CHAMBERS Calum | E38: 74 | F38: 3 | H38: 27 | I38: 0 | K38: 10 | L38: 1 | N38: 11 | O38: 1 | Q38: 1 | R38: 0 | T38: 123 | U38: 5 | V38: 13
A39: 9 | B39: BRA | C39: FW | D39: JESUS Gabriel | E39: 84 | F39: 21 | G39: 11 | H39: 25 | I39: 6 | J39: 5 | K39: 5 | L39: 1 | M39: 1 | N39: 9 | O39: 4 | P39: 1 | Q39: 0 | R39: 0 | S39: 0 | T39: 123 | U39: 32 | V39: 12
A40: 31 | B40: BIH | C40: DF | D40: KOLASINAC Sead | E40: 80 | F40: 2 | H40: 20 | I40: 2 | K40: 7 | L40: 0 | N40: 9 | O40: 0 | Q40: 2 | R40: 1 | T40: 118 | U40: 5 | V40: 21
A41: 10 | B41: ENG | C41: MF | D41: SMITH-ROWE Emile | E41: 81 | F41: 12 | H41: 22 | I41: 3 | K41: 4 | L41: 1 | N41: 9 | O41: 2 | Q41: 1 | R41: 0 | T41: 117 | U41: 18 | V41: 5
A42: 19 | B42: CIV | C42: FW | D42: PEPE Nicolas | E42: 80 | F42: 16 | H42: 19 | I42: 8 | K42: 7 | L42: 1 | N42: 6 | O42: 2 | Q42: 0 | R42: 0 | T42: 112 | U42: 27 | V42: 0
A43: 17 | B43: UKR | C43: DF | D43: ZINCHENKO Oleksandr | E43: 69 | F43: 2 | H43: 15 | I43: 1 | K43: 2 | L43: 0 | N43: 5 | O43: 0 | Q43: 0 | R43: 0 | T43: 91 | U43: 3 | V43: 5
A44: 24 | B44: ENG | C44: FW | D44: NELSON Reiss | E44: 50 | F44: 4 | G44: 2 | H44: 25 | I44: 1 | J44: 4 | K44: 5 | L44: 1 | M44: 1 | N44: 8 | O44: 2 | P44: 1 | Q44: 2 | R44: 0 | S44: 0 | T44: 90 | U44: 8 | V44: 6
A45: 1 | B45: ENG | C45: GK | D45: RAMSDALE Aaron | E45: 78 | F45: 0 | H45: 4 | I45: 0 | K45: 1 | L45: 0 | N45: 5 | O45: 0 | Q45: 1 | R45: 0 | T45: 89 | U45: 0 | V45: 4
A46: 11 | B46: URU | C46: DF | D46: TORREIRA Lucas | E46: 63 | F46: 3 | H46: 18 | I46: 0 | K46: 2 | L46: 0 | N46: 5 | O46: 1 | Q46: 0 | R46: 0 | T46: 88 | U46: 4 | V46: 12
A47: 18 | B47: JPN | C47: DF | D47: TOMIYASU Takehiro | E47: 65 | F47: 2 | H47: 13 | I47: 1 | K47: 2 | L47: 0 | N47: 3 | O47: 0 | Q47: 0 | R47: 0 | T47: 83 | U47: 3 | V47: 5
A48: 29 | B48: FRA | C48: MF | D48: GUENDOUZI Matteo | E48: 57 | F48: 0 | H48: 17 | I48: 1 | K48: 4 | L48: 0 | N48: 4 | O48: 0 | Q48: 0 | R48: 0 | T48: 82 | U48: 1 | V48: 2
A49: 9 | B49: GER | C49: FW | D49: PODOLSKI Lukas | E49: 60 | F49: 19 | H49: 14 | I49: 8 | K49: 3 | L49: 2 | N49: 3 | O49: 2 | Q49: 2 | R49: 0 | T49: 82 | U49: 31 | V49: 4
A50: 8 | B50: ESP | C50: MF | D50: CEBALLOS Dani | E50: 48 | F50: 0 | H50: 18 | I50: 1 | K50: 5 | L50: 1 | N50: 5 | O50: 0 | Q50: 0 | R50: 0 | T50: 76 | U50: 2 | V50: 1
A51: 20 | B51: ITA | C51: MF | D51: JORGHINHO | E51: 53 | F51: 0 | H51: 14 | I51: 1 | K51: 2 | L51: 0 | N51: 7 | O51: 0 | Q51: 0 | R51: 0 | T51: 76 | U51: 1 | V51: 4
A52: 28 | B52: ENG | C52: MF | D52: WILLOCK Joe | E52: 40 | F52: 1 | H52: 20 | I52: 6 | K52: 7 | L52: 2 | N52: 8 | O52: 2 | Q52: 1 | R52: 0 | T52: 76 | U52: 11 | V52: 0
A53: 23 | B53: BRA | C53: DF | D53: LUIZ David | E53: 53 | F53: 3 | H53: 12 | I53: 1 | K53: 6 | L53: 0 | N53: 1 | O53: 0 | Q53: 1 | R53: 0 | T53: 73 | U53: 4 | V53: 2
A54: 25 | B54: ENG | C54: DF | D54: JENKINSON Carl | E54: 41 | F54: 1 | H54: 17 | I54: 0 | K54: 5 | L54: 0 | N54: 7 | O54: 0 | Q54: 0 | R54: 0 | T54: 70 | U54: 1 | V54: 5
A55: 13 | B55: COL | C55: GK | D55: OSPINA David | E55: 29 | F55: 0 | H55: 24 | I55: 0 | K55: 10 | L55: 0 | N55: 7 | O55: 0 | Q55: 0 | R55: 0 | T55: 70 | U55: 0 | V55: 0
A56: 5 | B56: GRE | C56: DF | D56: PAPASTATHOPULOS Sokratis | E56: 44 | F56: 3 | H56: 17 | I56: 2 | K56: 7 | L56: 1 | N56: 1 | O56: 0 | Q56: 0 | R56: 0 | T56: 69 | U56: 6 | V56: 5
... A60: 7 | B60: ARM | C60: FW | D60: MKHITARYAN Henrikh | E60: 38 | F60: 8 | H60: 17 | I60: 1 | K60: 0 | L60: 0 | N60: 3 | O60: 0 | Q60: 0 | R60: 0 | T60: 58 | U60: 9 | V60: 0
A61: 21 | B61: POR | C61: MF | D61: VIEIRA Fabio | E61: 33 | F61: 2 | G61: 4 | H61: 11 | I61: 1 | J61: 2 | K61: 2 | L61: 0 | M61: 2 | N61: 2 | O61: 0 | P61: 1 | Q61: 1 | R61: 0 | S61: 0 | T61: 49 | U61: 3 | V61: 7
A62: 28 | B62: CRC | C62: FW | D62: CAMPBELL Joel | E62: 23 | F62: 3 | H62: 8 | I62: 0 | K62: 4 | L62: 1 | N62: 3 | O62: 0 | Q62: 1 | R62: 0 | T62: 39 | U62: 4 | V62: 1
A63: 28 | B63: BEL | C63: MF | D63: LOKONGA Albert | E63: 25 | F63: 0 | H63: 6 | I63: 0 | K63: 3 | L63: 0 | N63: 5 | O63: 0 | Q63: 0 | R63: 0 | T63: 39 | U63: 0 | V63: 5
A64: 26 | B64: ARG | C64: GK | D64: MARTINEZ Emiliano | E64: 15 | F64: 0 | H64: 9 | I64: 0 | K64: 6 | L64: 0 | N64: 7 | O64: 0 | Q64: 1 | R64: 0 | T64: 38 | U64: 0 | V64: 2
A65: 12 | B65: BRA | C65: FW | D65: WILLIAN | E65: 25 | F65: 1 | H65: 9 | I65: 0 | K65: 2 | L65: 0 | N65: 1 | O65: 0 | Q65: 0 | R65: 0 | T65: 37 | U65: 1 | V65: 1
A66: 2 | B66: FRA | C66: DF | D66: DEBUCHY Mathieu | E66: 13 | F66: 1 | H66: 10 | I66: 1 | K66: 2 | L66: 0 | N66: 4 | O66: 0 | Q66: 1 | R66: 0 | T66: 30 | U66: 2 | V66: 0
A67: 30 | B67: ENG | C67: FW | D67: STERLING Raheem | E67: 17 | F67: 0 | H67: 5 | I67: 0 | K67: 1 | L67: 0 | N67: 4 | O67: 1 | Q67: 0 | R67: 0 | T67: 28 | U67: 1 | V67: 5
A68: 20 | B68: POR | C68: DF | D68: TAVARES Nuno | E68: 22 | F68: 1 | H68: 0 | I68: 0 | K68: 1 | L68: 0 | N68: 5 | O68: 0 | Q68: 0 | R68: 0 | T68: 28 | U68: 1 | V68: 1
A69: 12 | B69: SUI | C69: DF | D69: LICHTSTEINER Stephan | E69: 14 | F69: 0 | H69: 6 | I69: 0 | K69: 1 | L69: 0 | N69: 2 | O69: 1 | Q69: 0 | R69: 0 | T69: 23 | U69: 1 | V69: 2
A70: 22 | B70: ESP | C70: DF | D70: MARI Pablo | E70: 14 | F70: 0 | H70: 5 | I70: 1 | K70: 3 | L70: 0 | N70: 1 | O70: 0 | Q70: 0 | R70: 0 | T70: 22 | U70: 1 | V70: 1
A71: 28 | B71: ESP | C71: FW | D71: PEREZ Lucas | E71: 12 | F71: 1 | H71: 3 | I71: 3 | K71: 4 | L71: 1 | N71: 3 | O71: 2 | Q71: 0 | R71: 0 | T71: 22 | U71: 7 | V71: 0
A72: 22 | B72: FRA | C72: FW | D72: SANOGO Yaya | E72: 11 | F72: 0 | H72: 4 | I72: 1 | K72: 4 | L72: 0 | N72: 0 | O72: 0 | Q72: 1 | R72: 0 | T72: 20 | U72: 1 | V72: 1
A73: 16 | B73: DEN | C73: MF | D73: NORGAARD Christian | E73: 7 | F73: 0 | H73: 6 | I73: 0 | K73: 4 | L73: 0 | N73: 3 | O73: 0 | Q73: 0 | R73: 0 | T73: 20 | U73: 0 | V73: 0
... A108: 33 | B108: NGA | C108: GK | D108: OKONKWO Arthur | E108: 0 | F108: 0 | H108: 0 | I108: 0 | K108: 0 | L108: 0 | N108: 0 | O108: 0 | Q108: 0 | R108: 0 | T108: 0 | U108: 0 | V108: 36

Sheet Premier League
F1: 1 | I1: 2 | L1: 3 | O1: 4 | R1: 5 | U1: 6 | X1: 7 | AA1: 8 | AD1: 9 | AG1: 10 | AJ1: 11 | AM1: 12 | AP1: 13 | AS1: 14 | AV1: 15 | AY1: 16 | BB1: 17 | BE1: 18 | BH1: 19 | BK1: 20 | BN1: 21 | BQ1: 22 | BT1: 23 | BW1: 24 | BZ1: 25 | CC1: 26 | CF1: 27 | CI1: 28 | CL1: 29 | CO1: 30 | CR1: 31 | CU1: 32 | CX1: 33 | DA1: 34 | DD1: 35 | DG1: 36 | DJ1: 37 | DM1: 38
C2: Σ App | D2: Σ Gls | E2: Σ Ast | F2: COV | I2: AVL | L2: CHE | O2: SUN | R2: BRI | U2: LEE | X2: NOT | AA2: EVE | AD2: LIV | AG2: HUL | AJ2: NEW | AM2: MCI | AP2: BRE | AS2: TOT | AV2: BOU | AY2: MUN | BB2: CRY | BE2: FUL | BH2: IPS | BK2: BRE | BN2: HUL | BQ2: NEW | BT2: MCI | BW2: LIV | BZ2: IPS | CC2: FUL | CF2: MUN | CI2: CRY | CL2: CHE | CO2: SUN | CR2: COV | CU2: AVL | CX2: BOU | DA2: TOT | DD2: LEE | DG2: NOT | DJ2: EVE | DM2: BRI
A3: # | B3: Name | F3: App | G3: Gls | H3: Ast | I3: App | J3: Gls | K3: Ast | L3: App | M3: Gls | N3: Ast | O3: App | P3: Gls | Q3: Ast | R3: App | S3: Gls | T3: Ast | U3: App | V3: Gls | W3: Ast | X3: App | Y3: Gls | Z3: Ast | AA3: App | AB3: Gls | AC3: Ast | AD3: App | AE3: Gls | AF3: Ast | AG3: App | AH3: Gls | AI3: Ast | AJ3: App | AK3: Gls | AL3: Ast | AM3: App | AN3: Gls | AO3: Ast | AP3: App | AQ3: Gls | AR3: Ast | AS3: App | AT3: Gls | AU3: Ast | AV3: App | AW3: Gls | AX3: Ast | AY3: App | AZ3: Gls | BA3: Ast | BB3: App | BC3: Gls | BD3: Ast | BE3: App | BF3: Gls | BG3: Ast | BH3: App | BI3: Gls | BJ3: Ast | BK3: App | BL3: Gls | BM3: Ast | BN3: App | BO3: Gls | BP3: Ast | BQ3: App | BR3: Gls | BS3: Ast | BT3: App | BU3: Gls | BV3: Ast | BW3: App | BX3: Gls | BY3: Ast | BZ3: App | CA3: Gls | CB3: Ast | CC3: App | CD3: Gls | CE3: Ast | CF3: App | CG3: Gls | CH3: Ast | CI3: App | CJ3: Gls | CK3: Ast | CL3: App | CM3: Gls | CN3: Ast | CO3: App | CP3: Gls | CQ3: Ast | CR3: App | CS3: Gls | CT3: Ast | CU3: App | CV3: Gls | CW3: Ast | CX3: App | CY3: Gls | CZ3: Ast | DA3: App | DB3: Gls | DC3: Ast | DD3: App | DE3: Gls | DF3: Ast | DG3: App | DH3: Gls | DI3: Ast | DJ3: App | DK3: Gls | DL3: Ast | DM3: App | DN3: Gls | DO3: Ast
A4: 1 | B4: RAYA David | C4: =SUM(F4,I4,L4,O4,R4,U4,X4,AA4,AD4,AG4,AJ4,AM4,AP4,AS4,AV4,AY4,BB4,BE4,BH4,BK4,BN4,BQ4,BT4,BW4,BZ4,CC4,CF4,CI4,CL4,CO4,CR4,CU4,CX4,DA4,DD4,DG4,DJ4,DM4) -> 6 | D4: =SUM(G4,J4,M4,P4,S4,V4,Y4,AB4,AE4,AH4,AK4,AN4,AQ4,AT4,AW4,AZ4,BC4,BF4,BI4,BL4,BO4,BR4,BU4,BX4,CA4,CD4,CG4,CJ4,CM4,CP4,CS4,CV4,CY4,DB4,DE4,DH4,DK4,DN4) -> 0 | E4: =SUM(H4,K4,N4,Q4,T4,W4,Z4,AC4,AF4,AI4,AL4,AO4,AR4,AU4,AX4,BA4,BD4,BG4,BJ4,BM4,BP4,BS4,BV4,BY4,CB4,CE4,CH4,CK4,CN4,CQ4,CT4,CW4,CZ4,DC4,DF4,DI4,DL4,DO4) -> 0 | F4: 1 | I4: 1 | L4: 1 | O4: 1 | R4: 1 | U4: 1
A5: 2 | B5: SALIBA William | C5: =SUM(F5,I5,L5,O5,R5,U5,X5,AA5,AD5,AG5,AJ5,AM5,AP5,AS5,AV5,AY5,BB5,BE5,BH5,BK5,BN5,BQ5,BT5,BW5,BZ5,CC5,CF5,CI5,CL5,CO5,CR5,CU5,CX5,DA5,DD5,DG5,DJ5,DM5) -> 0 | D5: =SUM(G5,J5,M5,P5,S5,V5,Y5,AB5,AE5,AH5,AK5,AN5,AQ5,AT5,AW5,AZ5,BC5,BF5,BI5,BL5,BO5,BR5,BU5,BX5,CA5,CD5,CG5,CJ5,CM5,CP5,CS5,CV5,CY5,DB5,DE5,DH5,DK5,DN5) -> 0 | E5: =SUM(H5,K5,N5,Q5,T5,W5,Z5,AC5,AF5,AI5,AL5,AO5,AR5,AU5,AX5,BA5,BD5,BG5,BJ5,BM5,BP5,BS5,BV5,BY5,CB5,CE5,CH5,CK5,CN5,CQ5,CT5,CW5,CZ5,DC5,DF5,DI5,DL5,DO5) -> 0
A6: 3 | B6: MOSQUERA Cristhian | C6: =SUM(F6,I6,L6,O6,R6,U6,X6,AA6,AD6,AG6,AJ6,AM6,AP6,AS6,AV6,AY6,BB6,BE6,BH6,BK6,BN6,BQ6,BT6,BW6,BZ6,CC6,CF6,CI6,CL6,CO6,CR6,CU6,CX6,DA6,DD6,DG6,DJ6,DM6) -> 2 | D6: =SUM(G6,J6,M6,P6,S6,V6,Y6,AB6,AE6,AH6,AK6,AN6,AQ6,AT6,AW6,AZ6,BC6,BF6,BI6,BL6,BO6,BR6,BU6,BX6,CA6,CD6,CG6,CJ6,CM6,CP6,CS6,CV6,CY6,DB6,DE6,DH6,DK6,DN6) -> 0 | E6: =SUM(H6,K6,N6,Q6,T6,W6,Z6,AC6,AF6,AI6,AL6,AO6,AR6,AU6,AX6,BA6,BD6,BG6,BJ6,BM6,BP6,BS6,BV6,BY6,CB6,CE6,CH6,CK6,CN6,CQ6,CT6,CW6,CZ6,DC6,DF6,DI6,DL6,DO6) -> 0 | F6: 1 | I6: 1
A7: 4 | B7: WHITE Ben | C7: =SUM(F7,I7,L7,O7,R7,U7,X7,AA7,AD7,AG7,AJ7,AM7,AP7,AS7,AV7,AY7,BB7,BE7,BH7,BK7,BN7,BQ7,BT7,BW7,BZ7,CC7,CF7,CI7,CL7,CO7,CR7,CU7,CX7,DA7,DD7,DG7,DJ7,DM7) -> 5 | D7: =SUM(G7,J7,M7,P7,S7,V7,Y7,AB7,AE7,AH7,AK7,AN7,AQ7,AT7,AW7,AZ7,BC7,BF7,BI7,BL7,BO7,BR7,BU7,BX7,CA7,CD7,CG7,CJ7,CM7,CP7,CS7,CV7,CY7,DB7,DE7,DH7,DK7,DN7) -> 0 | E7: =SUM(H7,K7,N7,Q7,T7,W7,Z7,AC7,AF7,AI7,AL7,AO7,AR7,AU7,AX7,BA7,BD7,BG7,BJ7,BM7,BP7,BS7,BV7,BY7,CB7,CE7,CH7,CK7,CN7,CQ7,CT7,CW7,CZ7,DC7,DF7,DI7,DL7,DO7) -> 2 | F7: 1 | H7: 1 | I7: 1 | L7: 1 | O7: 1 | U7: 1 | W7: 1
A8: 5 | B8: HINCAPIE Piero | C8: =SUM(F8,I8,L8,O8,R8,U8,X8,AA8,AD8,AG8,AJ8,AM8,AP8,AS8,AV8,AY8,BB8,BE8,BH8,BK8,BN8,BQ8,BT8,BW8,BZ8,CC8,CF8,CI8,CL8,CO8,CR8,CU8,CX8,DA8,DD8,DG8,DJ8,DM8) -> 3 | D8: =SUM(G8,J8,M8,P8,S8,V8,Y8,AB8,AE8,AH8,AK8,AN8,AQ8,AT8,AW8,AZ8,BC8,BF8,BI8,BL8,BO8,BR8,BU8,BX8,CA8,CD8,CG8,CJ8,CM8,CP8,CS8,CV8,CY8,DB8,DE8,DH8,DK8,DN8) -> 0 | E8: =SUM(H8,K8,N8,Q8,T8,W8,Z8,AC8,AF8,AI8,AL8,AO8,AR8,AU8,AX8,BA8,BD8,BG8,BJ8,BM8,BP8,BS8,BV8,BY8,CB8,CE8,CH8,CK8,CN8,CQ8,CT8,CW8,CZ8,DC8,DF8,DI8,DL8,DO8) -> 0 | F8: 1 | L8: 1 | U8: 1
A9: 6 | B9: GABRIEL | C9: =SUM(F9,I9,L9,O9,R9,U9,X9,AA9,AD9,AG9,AJ9,AM9,AP9,AS9,AV9,AY9,BB9,BE9,BH9,BK9,BN9,BQ9,BT9,BW9,BZ9,CC9,CF9,CI9,CL9,CO9,CR9,CU9,CX9,DA9,DD9,DG9,DJ9,DM9) -> 6 | D9: =SUM(G9,J9,M9,P9,S9,V9,Y9,AB9,AE9,AH9,AK9,AN9,AQ9,AT9,AW9,AZ9,BC9,BF9,BI9,BL9,BO9,BR9,BU9,BX9,CA9,CD9,CG9,CJ9,CM9,CP9,CS9,CV9,CY9,DB9,DE9,DH9,DK9,DN9) -> 0 | E9: =SUM(H9,K9,N9,Q9,T9,W9,Z9,AC9,AF9,AI9,AL9,AO9,AR9,AU9,AX9,BA9,BD9,BG9,BJ9,BM9,BP9,BS9,BV9,BY9,CB9,CE9,CH9,CK9,CN9,CQ9,CT9,CW9,CZ9,DC9,DF9,DI9,DL9,DO9) -> 0 | F9: 1 | I9: 1 | L9: 1 | O9: 1 | R9: 1 | U9: 1
A10: 7 | B10: SAKA Bukayo | C10: =SUM(F10,I10,L10,O10,R10,U10,X10,AA10,AD10,AG10,AJ10,AM10,AP10,AS10,AV10,AY10,BB10,BE10,BH10,BK10,BN10,BQ10,BT10,BW10,BZ10,CC10,CF10,CI10,CL10,CO10,CR10,CU10,CX10,DA10,DD10,DG10,DJ10,DM10) -> 6 | D10: =SUM(G10,J10,M10,P10,S10,V10,Y10,AB10,AE10,AH10,AK10,AN10,AQ10,AT10,AW10,AZ10,BC10,BF10,BI10,BL10,BO10,BR10,BU10,BX10,CA10,CD10,CG10,CJ10,CM10,CP10,CS10,CV10,CY10,DB10,DE10,DH10,DK10,DN10) -> 3 | E10: =SUM(H10,K10,N10,Q10,T10,W10,Z10,AC10,AF10,AI10,AL10,AO10,AR10,AU10,AX10,BA10,BD10,BG10,BJ10,BM10,BP10,BS10,BV10,BY10,CB10,CE10,CH10,CK10,CN10,CQ10,CT10,CW10,CZ10,DC10,DF10,DI10,DL10,DO10) -> 0 | F10: 1 | G10: 1 | I10: 1 | J10: 1 | L10: 1 | O10: 1 | P10: 1 | R10: 1 | U10: 1
A11: 8 | B11: ODEGAARD Martin | C11: =SUM(F11,I11,L11,O11,R11,U11,X11,AA11,AD11,AG11,AJ11,AM11,AP11,AS11,AV11,AY11,BB11,BE11,BH11,BK11,BN11,BQ11,BT11,BW11,BZ11,CC11,CF11,CI11,CL11,CO11,CR11,CU11,CX11,DA11,DD11,DG11,DJ11,DM11) -> 6 | D11: =SUM(G11,J11,M11,P11,S11,V11,Y11,AB11,AE11,AH11,AK11,AN11,AQ11,AT11,AW11,AZ11,BC11,BF11,BI11,BL11,BO11,BR11,BU11,BX11,CA11,CD11,CG11,CJ11,CM11,CP11,CS11,CV11,CY11,DB11,DE11,DH11,DK11,DN11) -> 2 | E11: =SUM(H11,K11,N11,Q11,T11,W11,Z11,AC11,AF11,AI11,AL11,AO11,AR11,AU11,AX11,BA11,BD11,BG11,BJ11,BM11,BP11,BS11,BV11,BY11,CB11,CE11,CH11,CK11,CN11,CQ11,CT11,CW11,CZ11,DC11,DF11,DI11,DL11,DO11) -> 0 | F11: 1 | G11: 1 | I11: 1 | L11: 1 | M11: 1 | O11: 1 | R11: 1 | U11: 1
A12: 10 | B12: EZE Eberechi | C12: =SUM(F12,I12,L12,O12,R12,U12,X12,AA12,AD12,AG12,AJ12,AM12,AP12,AS12,AV12,AY12,BB12,BE12,BH12,BK12,BN12,BQ12,BT12,BW12,BZ12,CC12,CF12,CI12,CL12,CO12,CR12,CU12,CX12,DA12,DD12,DG12,DJ12,DM12) -> 4 | D12: =SUM(G12,J12,M12,P12,S12,V12,Y12,AB12,AE12,AH12,AK12,AN12,AQ12,AT12,AW12,AZ12,BC12,BF12,BI12,BL12,BO12,BR12,BU12,BX12,CA12,CD12,CG12,CJ12,CM12,CP12,CS12,CV12,CY12,DB12,DE12,DH12,DK12,DN12) -> 0 | E12: =SUM(H12,K12,N12,Q12,T12,W12,Z12,AC12,AF12,AI12,AL12,AO12,AR12,AU12,AX12,BA12,BD12,BG12,BJ12,BM12,BP12,BS12,BV12,BY12,CB12,CE12,CH12,CK12,CN12,CQ12,CT12,CW12,CZ12,DC12,DF12,DI12,DL12,DO12) -> 0 | F12: 1 | I12: 1 | O12: 1 | R12: 1
A13: 12 | B13: TIMBER Jurrien | C13: =SUM(F13,I13,L13,O13,R13,U13,X13,AA13,AD13,AG13,AJ13,AM13,AP13,AS13,AV13,AY13,BB13,BE13,BH13,BK13,BN13,BQ13,BT13,BW13,BZ13,CC13,CF13,CI13,CL13,CO13,CR13,CU13,CX13,DA13,DD13,DG13,DJ13,DM13) -> 3 | D13: =SUM(G13,J13,M13,P13,S13,V13,Y13,AB13,AE13,AH13,AK13,AN13,AQ13,AT13,AW13,AZ13,BC13,BF13,BI13,BL13,BO13,BR13,BU13,BX13,CA13,CD13,CG13,CJ13,CM13,CP13,CS13,CV13,CY13,DB13,DE13,DH13,DK13,DN13) -> 0 | E13: =SUM(H13,K13,N13,Q13,T13,W13,Z13,AC13,AF13,AI13,AL13,AO13,AR13,AU13,AX13,BA13,BD13,BG13,BJ13,BM13,BP13,BS13,BV13,BY13,CB13,CE13,CH13,CK13,CN13,CQ13,CT13,CW13,CZ13,DC13,DF13,DI13,DL13,DO13) -> 0 | O13: 1 | R13: 1 | U13: 1
A14: 13 | B14: KEPA Arrizabalaga | C14: =SUM(F14,I14,L14,O14,R14,U14,X14,AA14,AD14,AG14,AJ14,AM14,AP14,AS14,AV14,AY14,BB14,BE14,BH14,BK14,BN14,BQ14,BT14,BW14,BZ14,CC14,CF14,CI14,CL14,CO14,CR14,CU14,CX14,DA14,DD14,DG14,DJ14,DM14) -> 0 | D14: =SUM(G14,J14,M14,P14,S14,V14,Y14,AB14,AE14,AH14,AK14,AN14,AQ14,AT14,AW14,AZ14,BC14,BF14,BI14,BL14,BO14,BR14,BU14,BX14,CA14,CD14,CG14,CJ14,CM14,CP14,CS14,CV14,CY14,DB14,DE14,DH14,DK14,DN14) -> 0 | E14: =SUM(H14,K14,N14,Q14,T14,W14,Z14,AC14,AF14,AI14,AL14,AO14,AR14,AU14,AX14,BA14,BD14,BG14,BJ14,BM14,BP14,BS14,BV14,BY14,CB14,CE14,CH14,CK14,CN14,CQ14,CT14,CW14,CZ14,DC14,DF14,DI14,DL14,DO14) -> 0
A15: 14 | B15: GYOKERES Viktor | C15: =SUM(F15,I15,L15,O15,R15,U15,X15,AA15,AD15,AG15,AJ15,AM15,AP15,AS15,AV15,AY15,BB15,BE15,BH15,BK15,BN15,BQ15,BT15,BW15,BZ15,CC15,CF15,CI15,CL15,CO15,CR15,CU15,CX15,DA15,DD15,DG15,DJ15,DM15) -> 3 | D15: =SUM(G15,J15,M15,P15,S15,V15,Y15,AB15,AE15,AH15,AK15,AN15,AQ15,AT15,AW15,AZ15,BC15,BF15,BI15,BL15,BO15,BR15,BU15,BX15,CA15,CD15,CG15,CJ15,CM15,CP15,CS15,CV15,CY15,DB15,DE15,DH15,DK15,DN15) -> 0 | E15: =SUM(H15,K15,N15,Q15,T15,W15,Z15,AC15,AF15,AI15,AL15,AO15,AR15,AU15,AX15,BA15,BD15,BG15,BJ15,BM15,BP15,BS15,BV15,BY15,CB15,CE15,CH15,CK15,CN15,CQ15,CT15,CW15,CZ15,DC15,DF15,DI15,DL15,DO15) -> 0 | L15: 1 | R15: 1 | U15: 1
A16: 15 | B16: KONSA Ezri | C16: =SUM(F16,I16,L16,O16,R16,U16,X16,AA16,AD16,AG16,AJ16,AM16,AP16,AS16,AV16,AY16,BB16,BE16,BH16,BK16,BN16,BQ16,BT16,BW16,BZ16,CC16,CF16,CI16,CL16,CO16,CR16,CU16,CX16,DA16,DD16,DG16,DJ16,DM16) -> 5 | D16: =SUM(G16,J16,M16,P16,S16,V16,Y16,AB16,AE16,AH16,AK16,AN16,AQ16,AT16,AW16,AZ16,BC16,BF16,BI16,BL16,BO16,BR16,BU16,BX16,CA16,CD16,CG16,CJ16,CM16,CP16,CS16,CV16,CY16,DB16,DE16,DH16,DK16,DN16) -> 0 | E16: =SUM(H16,K16,N16,Q16,T16,W16,Z16,AC16,AF16,AI16,AL16,AO16,AR16,AU16,AX16,BA16,BD16,BG16,BJ16,BM16,BP16,BS16,BV16,BY16,CB16,CE16,CH16,CK16,CN16,CQ16,CT16,CW16,CZ16,DC16,DF16,DI16,DL16,DO16) -> 0 | I16: 1 | L16: 1 | O16: 1 | R16: 1 | U16: 1
A17: 17 | B17: TZOLIS Christos | C17: =SUM(F17,I17,L17,O17,R17,U17,X17,AA17,AD17,AG17,AJ17,AM17,AP17,AS17,AV17,AY17,BB17,BE17,BH17,BK17,BN17,BQ17,BT17,BW17,BZ17,CC17,CF17,CI17,CL17,CO17,CR17,CU17,CX17,DA17,DD17,DG17,DJ17,DM17) -> 5 | D17: =SUM(G17,J17,M17,P17,S17,V17,Y17,AB17,AE17,AH17,AK17,AN17,AQ17,AT17,AW17,AZ17,BC17,BF17,BI17,BL17,BO17,BR17,BU17,BX17,CA17,CD17,CG17,CJ17,CM17,CP17,CS17,CV17,CY17,DB17,DE17,DH17,DK17,DN17) -> 0 | E17: =SUM(H17,K17,N17,Q17,T17,W17,Z17,AC17,AF17,AI17,AL17,AO17,AR17,AU17,AX17,BA17,BD17,BG17,BJ17,BM17,BP17,BS17,BV17,BY17,CB17,CE17,CH17,CK17,CN17,CQ17,CT17,CW17,CZ17,DC17,DF17,DI17,DL17,DO17) -> 1 | F17: 1 | I17: 1 | L17: 1 | N17: 1 | O17: 1 | R17: 1
A18: 20 | B18: MADUEKE Nuno | C18: =SUM(F18,I18,L18,O18,R18,U18,X18,AA18,AD18,AG18,AJ18,AM18,AP18,AS18,AV18,AY18,BB18,BE18,BH18,BK18,BN18,BQ18,BT18,BW18,BZ18,CC18,CF18,CI18,CL18,CO18,CR18,CU18,CX18,DA18,DD18,DG18,DJ18,DM18) -> 3 | D18: =SUM(G18,J18,M18,P18,S18,V18,Y18,AB18,AE18,AH18,AK18,AN18,AQ18,AT18,AW18,AZ18,BC18,BF18,BI18,BL18,BO18,BR18,BU18,BX18,CA18,CD18,CG18,CJ18,CM18,CP18,CS18,CV18,CY18,DB18,DE18,DH18,DK18,DN18) -> 0 | E18: =SUM(H18,K18,N18,Q18,T18,W18,Z18,AC18,AF18,AI18,AL18,AO18,AR18,AU18,AX18,BA18,BD18,BG18,BJ18,BM18,BP18,BS18,BV18,BY18,CB18,CE18,CH18,CK18,CN18,CQ18,CT18,CW18,CZ18,DC18,DF18,DI18,DL18,DO18) -> 0 | F18: 1 | L18: 1 | U18: 1
A19: 22 | B19: NWANERI Ethan | C19: =SUM(F19,I19,L19,O19,R19,U19,X19,AA19,AD19,AG19,AJ19,AM19,AP19,AS19,AV19,AY19,BB19,BE19,BH19,BK19,BN19,BQ19,BT19,BW19,BZ19,CC19,CF19,CI19,CL19,CO19,CR19,CU19,CX19,DA19,DD19,DG19,DJ19,DM19) -> 0 | D19: =SUM(G19,J19,M19,P19,S19,V19,Y19,AB19,AE19,AH19,AK19,AN19,AQ19,AT19,AW19,AZ19,BC19,BF19,BI19,BL19,BO19,BR19,BU19,BX19,CA19,CD19,CG19,CJ19,CM19,CP19,CS19,CV19,CY19,DB19,DE19,DH19,DK19,DN19) -> 0 | E19: =SUM(H19,K19,N19,Q19,T19,W19,Z19,AC19,AF19,AI19,AL19,AO19,AR19,AU19,AX19,BA19,BD19,BG19,BJ19,BM19,BP19,BS19,BV19,BY19,CB19,CE19,CH19,CK19,CN19,CQ19,CT19,CW19,CZ19,DC19,DF19,DI19,DL19,DO19) -> 0
A20: 23 | B20: MERINO Mikel | C20: =SUM(F20,I20,L20,O20,R20,U20,X20,AA20,AD20,AG20,AJ20,AM20,AP20,AS20,AV20,AY20,BB20,BE20,BH20,BK20,BN20,BQ20,BT20,BW20,BZ20,CC20,CF20,CI20,CL20,CO20,CR20,CU20,CX20,DA20,DD20,DG20,DJ20,DM20) -> 6 | D20: =SUM(G20,J20,M20,P20,S20,V20,Y20,AB20,AE20,AH20,AK20,AN20,AQ20,AT20,AW20,AZ20,BC20,BF20,BI20,BL20,BO20,BR20,BU20,BX20,CA20,CD20,CG20,CJ20,CM20,CP20,CS20,CV20,CY20,DB20,DE20,DH20,DK20,DN20) -> 0 | E20: =SUM(H20,K20,N20,Q20,T20,W20,Z20,AC20,AF20,AI20,AL20,AO20,AR20,AU20,AX20,BA20,BD20,BG20,BJ20,BM20,BP20,BS20,BV20,BY20,CB20,CE20,CH20,CK20,CN20,CQ20,CT20,CW20,CZ20,DC20,DF20,DI20,DL20,DO20) -> 0 | F20: 1 | I20: 1 | L20: 1 | O20: 1 | R20: 1 | U20: 1
A21: 29 | B21: HAVERTZ Kai | C21: =SUM(F21,I21,L21,O21,R21,U21,X21,AA21,AD21,AG21,AJ21,AM21,AP21,AS21,AV21,AY21,BB21,BE21,BH21,BK21,BN21,BQ21,BT21,BW21,BZ21,CC21,CF21,CI21,CL21,CO21,CR21,CU21,CX21,DA21,DD21,DG21,DJ21,DM21) -> 6 | D21: =SUM(G21,J21,M21,P21,S21,V21,Y21,AB21,AE21,AH21,AK21,AN21,AQ21,AT21,AW21,AZ21,BC21,BF21,BI21,BL21,BO21,BR21,BU21,BX21,CA21,CD21,CG21,CJ21,CM21,CP21,CS21,CV21,CY21,DB21,DE21,DH21,DK21,DN21) -> 2 | E21: =SUM(H21,K21,N21,Q21,T21,W21,Z21,AC21,AF21,AI21,AL21,AO21,AR21,AU21,AX21,BA21,BD21,BG21,BJ21,BM21,BP21,BS21,BV21,BY21,CB21,CE21,CH21,CK21,CN21,CQ21,CT21,CW21,CZ21,DC21,DF21,DI21,DL21,DO21) -> 0 | F21: 1 | G21: 1 | I21: 1 | L21: 1 | M21: 1 | O21: 1 | R21: 1 | U21: 1
A22: 30 | B22: MESLIER Illan | C22: =SUM(F22,I22,L22,O22,R22,U22,X22,AA22,AD22,AG22,AJ22,AM22,AP22,AS22,AV22,AY22,BB22,BE22,BH22,BK22,BN22,BQ22,BT22,BW22,BZ22,CC22,CF22,CI22,CL22,CO22,CR22,CU22,CX22,DA22,DD22,DG22,DJ22,DM22) -> 0 | D22: =SUM(G22,J22,M22,P22,S22,V22,Y22,AB22,AE22,AH22,AK22,AN22,AQ22,AT22,AW22,AZ22,BC22,BF22,BI22,BL22,BO22,BR22,BU22,BX22,CA22,CD22,CG22,CJ22,CM22,CP22,CS22,CV22,CY22,DB22,DE22,DH22,DK22,DN22) -> 0 | E22: =SUM(H22,K22,N22,Q22,T22,W22,Z22,AC22,AF22,AI22,AL22,AO22,AR22,AU22,AX22,BA22,BD22,BG22,BJ22,BM22,BP22,BS22,BV22,BY22,CB22,CE22,CH22,CK22,CN22,CQ22,CT22,CW22,CZ22,DC22,DF22,DI22,DL22,DO22) -> 0
A23: 33 | B23: CALAFIORI Riccardo | C23: =SUM(F23,I23,L23,O23,R23,U23,X23,AA23,AD23,AG23,AJ23,AM23,AP23,AS23,AV23,AY23,BB23,BE23,BH23,BK23,BN23,BQ23,BT23,BW23,BZ23,CC23,CF23,CI23,CL23,CO23,CR23,CU23,CX23,DA23,DD23,DG23,DJ23,DM23) -> 6 | D23: =SUM(G23,J23,M23,P23,S23,V23,Y23,AB23,AE23,AH23,AK23,AN23,AQ23,AT23,AW23,AZ23,BC23,BF23,BI23,BL23,BO23,BR23,BU23,BX23,CA23,CD23,CG23,CJ23,CM23,CP23,CS23,CV23,CY23,DB23,DE23,DH23,DK23,DN23) -> 1 | E23: =SUM(H23,K23,N23,Q23,T23,W23,Z23,AC23,AF23,AI23,AL23,AO23,AR23,AU23,AX23,BA23,BD23,BG23,BJ23,BM23,BP23,BS23,BV23,BY23,CB23,CE23,CH23,CK23,CN23,CQ23,CT23,CW23,CZ23,DC23,DF23,DI23,DL23,DO23) -> 2 | F23: 1 | H23: 1 | I23: 1 | K23: 1 | L23: 1 | O23: 1 | R23: 1 | U23: 1 | V23: 1
A24: 35 | B24: SETFORD Tommy | C24: =SUM(F24,I24,L24,O24,R24,U24,X24,AA24,AD24,AG24,AJ24,AM24,AP24,AS24,AV24,AY24,BB24,BE24,BH24,BK24,BN24,BQ24,BT24,BW24,BZ24,CC24,CF24,CI24,CL24,CO24,CR24,CU24,CX24,DA24,DD24,DG24,DJ24,DM24) -> 0 | D24: =SUM(G24,J24,M24,P24,S24,V24,Y24,AB24,AE24,AH24,AK24,AN24,AQ24,AT24,AW24,AZ24,BC24,BF24,BI24,BL24,BO24,BR24,BU24,BX24,CA24,CD24,CG24,CJ24,CM24,CP24,CS24,CV24,CY24,DB24,DE24,DH24,DK24,DN24) -> 0 | E24: =SUM(H24,K24,N24,Q24,T24,W24,Z24,AC24,AF24,AI24,AL24,AO24,AR24,AU24,AX24,BA24,BD24,BG24,BJ24,BM24,BP24,BS24,BV24,BY24,CB24,CE24,CH24,CK24,CN24,CQ24,CT24,CW24,CZ24,DC24,DF24,DI24,DL24,DO24) -> 0
A25: 36 | B25: ZUBIMENDI Martin | C25: =SUM(F25,I25,L25,O25,R25,U25,X25,AA25,AD25,AG25,AJ25,AM25,AP25,AS25,AV25,AY25,BB25,BE25,BH25,BK25,BN25,BQ25,BT25,BW25,BZ25,CC25,CF25,CI25,CL25,CO25,CR25,CU25,CX25,DA25,DD25,DG25,DJ25,DM25) -> 5 | D25: =SUM(G25,J25,M25,P25,S25,V25,Y25,AB25,AE25,AH25,AK25,AN25,AQ25,AT25,AW25,AZ25,BC25,BF25,BI25,BL25,BO25,BR25,BU25,BX25,CA25,CD25,CG25,CJ25,CM25,CP25,CS25,CV25,CY25,DB25,DE25,DH25,DK25,DN25) -> 0 | E25: =SUM(H25,K25,N25,Q25,T25,W25,Z25,AC25,AF25,AI25,AL25,AO25,AR25,AU25,AX25,BA25,BD25,BG25,BJ25,BM25,BP25,BS25,BV25,BY25,CB25,CE25,CH25,CK25,CN25,CQ25,CT25,CW25,CZ25,DC25,DF25,DI25,DL25,DO25) -> 0 | F25: 1 | I25: 1 | L25: 1 | O25: 1 | R25: 1
A26: 39 | B26: GUIMARES Bruno | C26: =SUM(F26,I26,L26,O26,R26,U26,X26,AA26,AD26,AG26,AJ26,AM26,AP26,AS26,AV26,AY26,BB26,BE26,BH26,BK26,BN26,BQ26,BT26,BW26,BZ26,CC26,CF26,CI26,CL26,CO26,CR26,CU26,CX26,DA26,DD26,DG26,DJ26,DM26) -> 4 | D26: =SUM(G26,J26,M26,P26,S26,V26,Y26,AB26,AE26,AH26,AK26,AN26,AQ26,AT26,AW26,AZ26,BC26,BF26,BI26,BL26,BO26,BR26,BU26,BX26,CA26,CD26,CG26,CJ26,CM26,CP26,CS26,CV26,CY26,DB26,DE26,DH26,DK26,DN26) -> 2 | E26: =SUM(H26,K26,N26,Q26,T26,W26,Z26,AC26,AF26,AI26,AL26,AO26,AR26,AU26,AX26,BA26,BD26,BG26,BJ26,BM26,BP26,BS26,BV26,BY26,CB26,CE26,CH26,CK26,CN26,CQ26,CT26,CW26,CZ26,DC26,DF26,DI26,DL26,DO26) -> 0 | I26: 1 | O26: 1 | P26: 1 | R26: 1 | U26: 1 | V26: 1
A27: 40 | B27: DIXON Jaden | C27: =SUM(F27,I27,L27,O27,R27,U27,X27,AA27,AD27,AG27,AJ27,AM27,AP27,AS27,AV27,AY27,BB27,BE27,BH27,BK27,BN27,BQ27,BT27,BW27,BZ27,CC27,CF27,CI27,CL27,CO27,CR27,CU27,CX27,DA27,DD27,DG27,DJ27,DM27) -> 0 | D27: =SUM(G27,J27,M27,P27,S27,V27,Y27,AB27,AE27,AH27,AK27,AN27,AQ27,AT27,AW27,AZ27,BC27,BF27,BI27,BL27,BO27,BR27,BU27,BX27,CA27,CD27,CG27,CJ27,CM27,CP27,CS27,CV27,CY27,DB27,DE27,DH27,DK27,DN27) -> 0 | E27: =SUM(H27,K27,N27,Q27,T27,W27,Z27,AC27,AF27,AI27,AL27,AO27,AR27,AU27,AX27,BA27,BD27,BG27,BJ27,BM27,BP27,BS27,BV27,BY27,CB27,CE27,CH27,CK27,CN27,CQ27,CT27,CW27,CZ27,DC27,DF27,DI27,DL27,DO27) -> 0
A28: 41 | B28: RICE Declan | C28: =SUM(F28,I28,L28,O28,R28,U28,X28,AA28,AD28,AG28,AJ28,AM28,AP28,AS28,AV28,AY28,BB28,BE28,BH28,BK28,BN28,BQ28,BT28,BW28,BZ28,CC28,CF28,CI28,CL28,CO28,CR28,CU28,CX28,DA28,DD28,DG28,DJ28,DM28) -> 6 | D28: =SUM(G28,J28,M28,P28,S28,V28,Y28,AB28,AE28,AH28,AK28,AN28,AQ28,AT28,AW28,AZ28,BC28,BF28,BI28,BL28,BO28,BR28,BU28,BX28,CA28,CD28,CG28,CJ28,CM28,CP28,CS28,CV28,CY28,DB28,DE28,DH28,DK28,DN28) -> 0 | E28: =SUM(H28,K28,N28,Q28,T28,W28,Z28,AC28,AF28,AI28,AL28,AO28,AR28,AU28,AX28,BA28,BD28,BG28,BJ28,BM28,BP28,BS28,BV28,BY28,CB28,CE28,CH28,CK28,CN28,CQ28,CT28,CW28,CZ28,DC28,DF28,DI28,DL28,DO28) -> 3 | F28: 1 | I28: 1 | L28: 1 | N28: 1 | O28: 1 | Q28: 1 | R28: 1 | U28: 1 | W28: 1
A29: 43 | B29: HARRIMAN-ANNOUS Andre | C29: =SUM(F29,I29,L29,O29,R29,U29,X29,AA29,AD29,AG29,AJ29,AM29,AP29,AS29,AV29,AY29,BB29,BE29,BH29,BK29,BN29,BQ29,BT29,BW29,BZ29,CC29,CF29,CI29,CL29,CO29,CR29,CU29,CX29,DA29,DD29,DG29,DJ29,DM29) -> 0 | D29: =SUM(G29,J29,M29,P29,S29,V29,Y29,AB29,AE29,AH29,AK29,AN29,AQ29,AT29,AW29,AZ29,BC29,BF29,BI29,BL29,BO29,BR29,BU29,BX29,CA29,CD29,CG29,CJ29,CM29,CP29,CS29,CV29,CY29,DB29,DE29,DH29,DK29,DN29) -> 0 | E29: =SUM(H29,K29,N29,Q29,T29,W29,Z29,AC29,AF29,AI29,AL29,AO29,AR29,AU29,AX29,BA29,BD29,BG29,BJ29,BM29,BP29,BS29,BV29,BY29,CB29,CE29,CH29,CK29,CN29,CQ29,CT29,CW29,CZ29,DC29,DF29,DI29,DL29,DO29) -> 0
A30: 44 | B30: IBRAHIM Ife | C30: =SUM(F30,I30,L30,O30,R30,U30,X30,AA30,AD30,AG30,AJ30,AM30,AP30,AS30,AV30,AY30,BB30,BE30,BH30,BK30,BN30,BQ30,BT30,BW30,BZ30,CC30,CF30,CI30,CL30,CO30,CR30,CU30,CX30,DA30,DD30,DG30,DJ30,DM30) -> 0 | D30: =SUM(G30,J30,M30,P30,S30,V30,Y30,AB30,AE30,AH30,AK30,AN30,AQ30,AT30,AW30,AZ30,BC30,BF30,BI30,BL30,BO30,BR30,BU30,BX30,CA30,CD30,CG30,CJ30,CM30,CP30,CS30,CV30,CY30,DB30,DE30,DH30,DK30,DN30) -> 0 | E30: =SUM(H30,K30,N30,Q30,T30,W30,Z30,AC30,AF30,AI30,AL30,AO30,AR30,AU30,AX30,BA30,BD30,BG30,BJ30,BM30,BP30,BS30,BV30,BY30,CB30,CE30,CH30,CK30,CN30,CQ30,CT30,CW30,CZ30,DC30,DF30,DI30,DL30,DO30) -> 0
A31: 45 | B31: JULIENNE Theo | C31: =SUM(F31,I31,L31,O31,R31,U31,X31,AA31,AD31,AG31,AJ31,AM31,AP31,AS31,AV31,AY31,BB31,BE31,BH31,BK31,BN31,BQ31,BT31,BW31,BZ31,CC31,CF31,CI31,CL31,CO31,CR31,CU31,CX31,DA31,DD31,DG31,DJ31,DM31) -> 0 | D31: =SUM(G31,J31,M31,P31,S31,V31,Y31,AB31,AE31,AH31,AK31,AN31,AQ31,AT31,AW31,AZ31,BC31,BF31,BI31,BL31,BO31,BR31,BU31,BX31,CA31,CD31,CG31,CJ31,CM31,CP31,CS31,CV31,CY31,DB31,DE31,DH31,DK31,DN31) -> 0 | E31: =SUM(H31,K31,N31,Q31,T31,W31,Z31,AC31,AF31,AI31,AL31,AO31,AR31,AU31,AX31,BA31,BD31,BG31,BJ31,BM31,BP31,BS31,BV31,BY31,CB31,CE31,CH31,CK31,CN31,CQ31,CT31,CW31,CZ31,DC31,DF31,DI31,DL31,DO31) -> 0
A32: 46 | B32: KABIA Ismeal | C32: =SUM(F32,I32,L32,O32,R32,U32,X32,AA32,AD32,AG32,AJ32,AM32,AP32,AS32,AV32,AY32,BB32,BE32,BH32,BK32,BN32,BQ32,BT32,BW32,BZ32,CC32,CF32,CI32,CL32,CO32,CR32,CU32,CX32,DA32,DD32,DG32,DJ32,DM32) -> 0 | D32: =SUM(G32,J32,M32,P32,S32,V32,Y32,AB32,AE32,AH32,AK32,AN32,AQ32,AT32,AW32,AZ32,BC32,BF32,BI32,BL32,BO32,BR32,BU32,BX32,CA32,CD32,CG32,CJ32,CM32,CP32,CS32,CV32,CY32,DB32,DE32,DH32,DK32,DN32) -> 0 | E32: =SUM(H32,K32,N32,Q32,T32,W32,Z32,AC32,AF32,AI32,AL32,AO32,AR32,AU32,AX32,BA32,BD32,BG32,BJ32,BM32,BP32,BS32,BV32,BY32,CB32,CE32,CH32,CK32,CN32,CQ32,CT32,CW32,CZ32,DC32,DF32,DI32,DL32,DO32) -> 0
A33: 49 | B33: LEWIS-SKELLY Myles | C33: =SUM(F33,I33,L33,O33,R33,U33,X33,AA33,AD33,AG33,AJ33,AM33,AP33,AS33,AV33,AY33,BB33,BE33,BH33,BK33,BN33,BQ33,BT33,BW33,BZ33,CC33,CF33,CI33,CL33,CO33,CR33,CU33,CX33,DA33,DD33,DG33,DJ33,DM33) -> 5 | D33: =SUM(G33,J33,M33,P33,S33,V33,Y33,AB33,AE33,AH33,AK33,AN33,AQ33,AT33,AW33,AZ33,BC33,BF33,BI33,BL33,BO33,BR33,BU33,BX33,CA33,CD33,CG33,CJ33,CM33,CP33,CS33,CV33,CY33,DB33,DE33,DH33,DK33,DN33) -> 0 | E33: =SUM(H33,K33,N33,Q33,T33,W33,Z33,AC33,AF33,AI33,AL33,AO33,AR33,AU33,AX33,BA33,BD33,BG33,BJ33,BM33,BP33,BS33,BV33,BY33,CB33,CE33,CH33,CK33,CN33,CQ33,CT33,CW33,CZ33,DC33,DF33,DI33,DL33,DO33) -> 0 | F33: 1 | I33: 1 | L33: 1 | O33: 1 | U33: 1
A34: 53 | B34: SAGOE JR Charles | C34: =SUM(F34,I34,L34,O34,R34,U34,X34,AA34,AD34,AG34,AJ34,AM34,AP34,AS34,AV34,AY34,BB34,BE34,BH34,BK34,BN34,BQ34,BT34,BW34,BZ34,CC34,CF34,CI34,CL34,CO34,CR34,CU34,CX34,DA34,DD34,DG34,DJ34,DM34) -> 0 | D34: =SUM(G34,J34,M34,P34,S34,V34,Y34,AB34,AE34,AH34,AK34,AN34,AQ34,AT34,AW34,AZ34,BC34,BF34,BI34,BL34,BO34,BR34,BU34,BX34,CA34,CD34,CG34,CJ34,CM34,CP34,CS34,CV34,CY34,DB34,DE34,DH34,DK34,DN34) -> 0 | E34: =SUM(H34,K34,N34,Q34,T34,W34,Z34,AC34,AF34,AI34,AL34,AO34,AR34,AU34,AX34,BA34,BD34,BG34,BJ34,BM34,BP34,BS34,BV34,BY34,CB34,CE34,CH34,CK34,CN34,CQ34,CT34,CW34,CZ34,DC34,DF34,DI34,DL34,DO34) -> 0
A35: 55 | B35: PORTER Jack | C35: =SUM(F35,I35,L35,O35,R35,U35,X35,AA35,AD35,AG35,AJ35,AM35,AP35,AS35,AV35,AY35,BB35,BE35,BH35,BK35,BN35,BQ35,BT35,BW35,BZ35,CC35,CF35,CI35,CL35,CO35,CR35,CU35,CX35,DA35,DD35,DG35,DJ35,DM35) -> 0 | D35: =SUM(G35,J35,M35,P35,S35,V35,Y35,AB35,AE35,AH35,AK35,AN35,AQ35,AT35,AW35,AZ35,BC35,BF35,BI35,BL35,BO35,BR35,BU35,BX35,CA35,CD35,CG35,CJ35,CM35,CP35,CS35,CV35,CY35,DB35,DE35,DH35,DK35,DN35) -> 0 | E35: =SUM(H35,K35,N35,Q35,T35,W35,Z35,AC35,AF35,AI35,AL35,AO35,AR35,AU35,AX35,BA35,BD35,BG35,BJ35,BM35,BP35,BS35,BV35,BY35,CB35,CE35,CH35,CK35,CN35,CQ35,CT35,CW35,CZ35,DC35,DF35,DI35,DL35,DO35) -> 0
A36: 56 | B36: DOWMAN Max | C36: =SUM(F36,I36,L36,O36,R36,U36,X36,AA36,AD36,AG36,AJ36,AM36,AP36,AS36,AV36,AY36,BB36,BE36,BH36,BK36,BN36,BQ36,BT36,BW36,BZ36,CC36,CF36,CI36,CL36,CO36,CR36,CU36,CX36,DA36,DD36,DG36,DJ36,DM36) -> 1 | D36: =SUM(G36,J36,M36,P36,S36,V36,Y36,AB36,AE36,AH36,AK36,AN36,AQ36,AT36,AW36,AZ36,BC36,BF36,BI36,BL36,BO36,BR36,BU36,BX36,CA36,CD36,CG36,CJ36,CM36,CP36,CS36,CV36,CY36,DB36,DE36,DH36,DK36,DN36) -> 0 | E36: =SUM(H36,K36,N36,Q36,T36,W36,Z36,AC36,AF36,AI36,AL36,AO36,AR36,AU36,AX36,BA36,BD36,BG36,BJ36,BM36,BP36,BS36,BV36,BY36,CB36,CE36,CH36,CK36,CN36,CQ36,CT36,CW36,CZ36,DC36,DF36,DI36,DL36,DO36) -> 0 | R36: 1
A37: 71 | B37: BAILEY-JOSEPH Brando | C37: =SUM(F37,I37,L37,O37,R37,U37,X37,AA37,AD37,AG37,AJ37,AM37,AP37,AS37,AV37,AY37,BB37,BE37,BH37,BK37,BN37,BQ37,BT37,BW37,BZ37,CC37,CF37,CI37,CL37,CO37,CR37,CU37,CX37,DA37,DD37,DG37,DJ37,DM37) -> 0 | D37: =SUM(G37,J37,M37,P37,S37,V37,Y37,AB37,AE37,AH37,AK37,AN37,AQ37,AT37,AW37,AZ37,BC37,BF37,BI37,BL37,BO37,BR37,BU37,BX37,CA37,CD37,CG37,CJ37,CM37,CP37,CS37,CV37,CY37,DB37,DE37,DH37,DK37,DN37) -> 0 | E37: =SUM(H37,K37,N37,Q37,T37,W37,Z37,AC37,AF37,AI37,AL37,AO37,AR37,AU37,AX37,BA37,BD37,BG37,BJ37,BM37,BP37,BS37,BV37,BY37,CB37,CE37,CH37,CK37,CN37,CQ37,CT37,CW37,CZ37,DC37,DF37,DI37,DL37,DO37) -> 0
A38: 89 | B38: SALMON Marli | C38: =SUM(F38,I38,L38,O38,R38,U38,X38,AA38,AD38,AG38,AJ38,AM38,AP38,AS38,AV38,AY38,BB38,BE38,BH38,BK38,BN38,BQ38,BT38,BW38,BZ38,CC38,CF38,CI38,CL38,CO38,CR38,CU38,CX38,DA38,DD38,DG38,DJ38,DM38) -> 0 | D38: =SUM(G38,J38,M38,P38,S38,V38,Y38,AB38,AE38,AH38,AK38,AN38,AQ38,AT38,AW38,AZ38,BC38,BF38,BI38,BL38,BO38,BR38,BU38,BX38,CA38,CD38,CG38,CJ38,CM38,CP38,CS38,CV38,CY38,DB38,DE38,DH38,DK38,DN38) -> 0 | E38: =SUM(H38,K38,N38,Q38,T38,W38,Z38,AC38,AF38,AI38,AL38,AO38,AR38,AU38,AX38,BA38,BD38,BG38,BJ38,BM38,BP38,BS38,BV38,BY38,CB38,CE38,CH38,CK38,CN38,CQ38,CT38,CW38,CZ38,DC38,DF38,DI38,DL38,DO38) -> 0
F39: =SUM(F4:F38) -> 16 | G39: =SUM(G4:G38) -> 3 | H39: =SUM(H4:H38) -> 2 | I39: =SUM(I4:I38) -> 16 | J39: =SUM(J4:J38) -> 1 | K39: =SUM(K4:K38) -> 1 | L39: =SUM(L4:L38) -> 16 | M39: =SUM(M4:M38) -> 2 | ... DO39: =SUM(DO4:DO38) -> 0

Sheet Europe
C1: Σ App | D1: Σ Gls | E1: Σ Ast | F1: LEAGUE STAGE | AD1: ROUND OF 16 | AJ1: QUARTERFINALS | AP1: SEMIFINALS | AV1: FINAL
F2: SSC Napoli | I2: Lille | L2: Bayern | O2: Slavia | R2: BVB | U2: Real | X2: Betis | AA2: Sabah
A3: # | B3: Name | F3: App | G3: Gls | H3: Ast | I3: App | J3: Gls | K3: Ast | L3: App | M3: Gls | N3: Ast | O3: App | P3: Gls | Q3: Ast | R3: App | S3: Gls | T3: Ast | U3: App | V3: Gls | W3: Ast | X3: App | Y3: Gls | Z3: Ast | AA3: App | AB3: Gls | AC3: Ast | AD3: App | AE3: Gls | AF3: Ast | AG3: App | AH3: Gls | AI3: Ast | AJ3: App | AK3: Gls | AL3: Ast | AM3: App | AN3: Gls | AO3: Ast | AP3: App | AQ3: Gls | AR3: Ast | AS3: App | AT3: Gls | AU3: Ast | AV3: App | AW3: Gls | AX3: Ast
A4: 1 | B4: RAYA David | C4: =SUM(F4,I4,L4,O4,R4,X4,AA4,AD4,U4,AG4,AJ4,AM4,AP4,AS4,AV4) -> 1 | D4: =SUM(G4,J4,M4,P4,S4,Y4,AB4,AE4,V4,AH4,AK4,AN4,AQ4,AT4,AW4) -> 0 | E4: =SUM(H4,K4,N4,Q4,T4,Z4,AC4,AF4,W4,AI4,AL4,AO4,AR4,AU4,AX4) -> 0 | F4: 1
A5: 2 | B5: SALIBA William | C5: =SUM(F5,I5,L5,O5,R5,X5,AA5,AD5,U5,AG5,AJ5,AM5,AP5,AS5,AV5) -> 0 | D5: =SUM(G5,J5,M5,P5,S5,Y5,AB5,AE5,V5,AH5,AK5,AN5,AQ5,AT5,AW5) -> 0 | E5: =SUM(H5,K5,N5,Q5,T5,Z5,AC5,AF5,W5,AI5,AL5,AO5,AR5,AU5,AX5) -> 0
A6: 3 | B6: MOSQUERA Cristhian | C6: =SUM(F6,I6,L6,O6,R6,X6,AA6,AD6,U6,AG6,AJ6,AM6,AP6,AS6,AV6) -> 0 | D6: =SUM(G6,J6,M6,P6,S6,Y6,AB6,AE6,V6,AH6,AK6,AN6,AQ6,AT6,AW6) -> 0 | E6: =SUM(H6,K6,N6,Q6,T6,Z6,AC6,AF6,W6,AI6,AL6,AO6,AR6,AU6,AX6) -> 0
A7: 4 | B7: WHITE Ben | C7: =SUM(F7,I7,L7,O7,R7,X7,AA7,AD7,U7,AG7,AJ7,AM7,AP7,AS7,AV7) -> 1 | D7: =SUM(G7,J7,M7,P7,S7,Y7,AB7,AE7,V7,AH7,AK7,AN7,AQ7,AT7,AW7) -> 0 | E7: =SUM(H7,K7,N7,Q7,T7,Z7,AC7,AF7,W7,AI7,AL7,AO7,AR7,AU7,AX7) -> 0 | F7: 1
A8: 5 | B8: HINCAPIE Piero | C8: =SUM(F8,I8,L8,O8,R8,X8,AA8,AD8,U8,AG8,AJ8,AM8,AP8,AS8,AV8) -> 1 | D8: =SUM(G8,J8,M8,P8,S8,Y8,AB8,AE8,V8,AH8,AK8,AN8,AQ8,AT8,AW8) -> 0 | E8: =SUM(H8,K8,N8,Q8,T8,Z8,AC8,AF8,W8,AI8,AL8,AO8,AR8,AU8,AX8) -> 0 | F8: 1
A9: 6 | B9: GABRIEL | C9: =SUM(F9,I9,L9,O9,R9,X9,AA9,AD9,U9,AG9,AJ9,AM9,AP9,AS9,AV9) -> 1 | D9: =SUM(G9,J9,M9,P9,S9,Y9,AB9,AE9,V9,AH9,AK9,AN9,AQ9,AT9,AW9) -> 0 | E9: =SUM(H9,K9,N9,Q9,T9,Z9,AC9,AF9,W9,AI9,AL9,AO9,AR9,AU9,AX9) -> 0 | F9: 1
A10: 7 | B10: SAKA Bukayo | C10: =SUM(F10,I10,L10,O10,R10,X10,AA10,AD10,U10,AG10,AJ10,AM10,AP10,AS10,AV10) -> 1 | D10: =SUM(G10,J10,M10,P10,S10,Y10,AB10,AE10,V10,AH10,AK10,AN10,AQ10,AT10,AW10) -> 0 | E10: =SUM(H10,K10,N10,Q10,T10,Z10,AC10,AF10,W10,AI10,AL10,AO10,AR10,AU10,AX10) -> 0 | F10: 1
A11: 8 | B11: ODEGAARD Martin | C11: =SUM(F11,I11,L11,O11,R11,X11,AA11,AD11,U11,AG11,AJ11,AM11,AP11,AS11,AV11) -> 1 | D11: =SUM(G11,J11,M11,P11,S11,Y11,AB11,AE11,V11,AH11,AK11,AN11,AQ11,AT11,AW11) -> 1 | E11: =SUM(H11,K11,N11,Q11,T11,Z11,AC11,AF11,W11,AI11,AL11,AO11,AR11,AU11,AX11) -> 0 | F11: 1 | G11: 1
A12: 10 | B12: EZE Eberechi | C12: =SUM(F12,I12,L12,O12,R12,X12,AA12,AD12,U12,AG12,AJ12,AM12,AP12,AS12,AV12) -> 1 | D12: =SUM(G12,J12,M12,P12,S12,Y12,AB12,AE12,V12,AH12,AK12,AN12,AQ12,AT12,AW12) -> 0 | E12: =SUM(H12,K12,N12,Q12,T12,Z12,AC12,AF12,W12,AI12,AL12,AO12,AR12,AU12,AX12) -> 0 | F12: 1
A13: 12 | B13: TIMBER Jurrien | C13: =SUM(F13,I13,L13,O13,R13,X13,AA13,AD13,U13,AG13,AJ13,AM13,AP13,AS13,AV13) -> 0 | D13: =SUM(G13,J13,M13,P13,S13,Y13,AB13,AE13,V13,AH13,AK13,AN13,AQ13,AT13,AW13) -> 0 | E13: =SUM(H13,K13,N13,Q13,T13,Z13,AC13,AF13,W13,AI13,AL13,AO13,AR13,AU13,AX13) -> 0
A14: 13 | B14: KEPA Arrizabalaga | C14: =SUM(F14,I14,L14,O14,R14,X14,AA14,AD14,U14,AG14,AJ14,AM14,AP14,AS14,AV14) -> 0 | D14: =SUM(G14,J14,M14,P14,S14,Y14,AB14,AE14,V14,AH14,AK14,AN14,AQ14,AT14,AW14) -> 0 | E14: =SUM(H14,K14,N14,Q14,T14,Z14,AC14,AF14,W14,AI14,AL14,AO14,AR14,AU14,AX14) -> 0
A15: 14 | B15: GYOKERES Viktor | C15: =SUM(F15,I15,L15,O15,R15,X15,AA15,AD15,U15,AG15,AJ15,AM15,AP15,AS15,AV15) -> 1 | D15: =SUM(G15,J15,M15,P15,S15,Y15,AB15,AE15,V15,AH15,AK15,AN15,AQ15,AT15,AW15) -> 0 | E15: =SUM(H15,K15,N15,Q15,T15,Z15,AC15,AF15,W15,AI15,AL15,AO15,AR15,AU15,AX15) -> 0 | F15: 1
A16: 15 | B16: KONSA Ezri | C16: =SUM(F16,I16,L16,O16,R16,X16,AA16,AD16,U16,AG16,AJ16,AM16,AP16,AS16,AV16) -> 1 | D16: =SUM(G16,J16,M16,P16,S16,Y16,AB16,AE16,V16,AH16,AK16,AN16,AQ16,AT16,AW16) -> 0 | E16: =SUM(H16,K16,N16,Q16,T16,Z16,AC16,AF16,W16,AI16,AL16,AO16,AR16,AU16,AX16) -> 0 | F16: 1
A17: 17 | B17: TZOLIS Christos | C17: =SUM(F17,I17,L17,O17,R17,X17,AA17,AD17,U17,AG17,AJ17,AM17,AP17,AS17,AV17) -> 1 | D17: =SUM(G17,J17,M17,P17,S17,Y17,AB17,AE17,V17,AH17,AK17,AN17,AQ17,AT17,AW17) -> 0 | E17: =SUM(H17,K17,N17,Q17,T17,Z17,AC17,AF17,W17,AI17,AL17,AO17,AR17,AU17,AX17) -> 1 | F17: 1 | H17: 1
A18: 20 | B18: MADUEKE Nuno | C18: =SUM(F18,I18,L18,O18,R18,X18,AA18,AD18,U18,AG18,AJ18,AM18,AP18,AS18,AV18) -> 1 | D18: =SUM(G18,J18,M18,P18,S18,Y18,AB18,AE18,V18,AH18,AK18,AN18,AQ18,AT18,AW18) -> 0 | E18: =SUM(H18,K18,N18,Q18,T18,Z18,AC18,AF18,W18,AI18,AL18,AO18,AR18,AU18,AX18) -> 0 | F18: 1
A19: 22 | B19: NWANERI Ethan | C19: =SUM(F19,I19,L19,O19,R19,X19,AA19,AD19,U19,AG19,AJ19,AM19,AP19,AS19,AV19) -> 0 | D19: =SUM(G19,J19,M19,P19,S19,Y19,AB19,AE19,V19,AH19,AK19,AN19,AQ19,AT19,AW19) -> 0 | E19: =SUM(H19,K19,N19,Q19,T19,Z19,AC19,AF19,W19,AI19,AL19,AO19,AR19,AU19,AX19) -> 0
A20: 23 | B20: MERINO Mikel | C20: =SUM(F20,I20,L20,O20,R20,X20,AA20,AD20,U20,AG20,AJ20,AM20,AP20,AS20,AV20) -> 1 | D20: =SUM(G20,J20,M20,P20,S20,Y20,AB20,AE20,V20,AH20,AK20,AN20,AQ20,AT20,AW20) -> 0 | E20: =SUM(H20,K20,N20,Q20,T20,Z20,AC20,AF20,W20,AI20,AL20,AO20,AR20,AU20,AX20) -> 0 | F20: 1
A21: 29 | B21: HAVERTZ Kai | C21: =SUM(F21,I21,L21,O21,R21,X21,AA21,AD21,U21,AG21,AJ21,AM21,AP21,AS21,AV21) -> 1 | D21: =SUM(G21,J21,M21,P21,S21,Y21,AB21,AE21,V21,AH21,AK21,AN21,AQ21,AT21,AW21) -> 0 | E21: =SUM(H21,K21,N21,Q21,T21,Z21,AC21,AF21,W21,AI21,AL21,AO21,AR21,AU21,AX21) -> 0 | F21: 1
A22: 30 | B22: MESLIER Illan | C22: =SUM(F22,I22,L22,O22,R22,X22,AA22,AD22,U22,AG22,AJ22,AM22,AP22,AS22,AV22) -> 0 | D22: =SUM(G22,J22,M22,P22,S22,Y22,AB22,AE22,V22,AH22,AK22,AN22,AQ22,AT22,AW22) -> 0 | E22: =SUM(H22,K22,N22,Q22,T22,Z22,AC22,AF22,W22,AI22,AL22,AO22,AR22,AU22,AX22) -> 0
A23: 33 | B23: CALAFIORI Riccardo | C23: =SUM(F23,I23,L23,O23,R23,X23,AA23,AD23,U23,AG23,AJ23,AM23,AP23,AS23,AV23) -> 0 | D23: =SUM(G23,J23,M23,P23,S23,Y23,AB23,AE23,V23,AH23,AK23,AN23,AQ23,AT23,AW23) -> 0 | E23: =SUM(H23,K23,N23,Q23,T23,Z23,AC23,AF23,W23,AI23,AL23,AO23,AR23,AU23,AX23) -> 0
A24: 35 | B24: SETFORD Tommy | C24: =SUM(F24,I24,L24,O24,R24,X24,AA24,AD24,U24,AG24,AJ24,AM24,AP24,AS24,AV24) -> 0 | D24: =SUM(G24,J24,M24,P24,S24,Y24,AB24,AE24,V24,AH24,AK24,AN24,AQ24,AT24,AW24) -> 0 | E24: =SUM(H24,K24,N24,Q24,T24,Z24,AC24,AF24,W24,AI24,AL24,AO24,AR24,AU24,AX24) -> 0
A25: 36 | B25: ZUBIMENDI Martin | C25: =SUM(F25,I25,L25,O25,R25,X25,AA25,AD25,U25,AG25,AJ25,AM25,AP25,AS25,AV25) -> 1 | D25: =SUM(G25,J25,M25,P25,S25,Y25,AB25,AE25,V25,AH25,AK25,AN25,AQ25,AT25,AW25) -> 0 | E25: =SUM(H25,K25,N25,Q25,T25,Z25,AC25,AF25,W25,AI25,AL25,AO25,AR25,AU25,AX25) -> 0 | F25: 1
A26: 39 | B26: GUIMARES Bruno | C26: =SUM(F26,I26,L26,O26,R26,X26,AA26,AD26,U26,AG26,AJ26,AM26,AP26,AS26,AV26) -> 1 | D26: =SUM(G26,J26,M26,P26,S26,Y26,AB26,AE26,V26,AH26,AK26,AN26,AQ26,AT26,AW26) -> 0 | E26: =SUM(H26,K26,N26,Q26,T26,Z26,AC26,AF26,W26,AI26,AL26,AO26,AR26,AU26,AX26) -> 0 | F26: 1
A27: 40 | B27: DIXON Jaden | C27: =SUM(F27,I27,L27,O27,R27,X27,AA27,AD27,U27,AG27,AJ27,AM27,AP27,AS27,AV27) -> 0 | D27: =SUM(G27,J27,M27,P27,S27,Y27,AB27,AE27,V27,AH27,AK27,AN27,AQ27,AT27,AW27) -> 0 | E27: =SUM(H27,K27,N27,Q27,T27,Z27,AC27,AF27,W27,AI27,AL27,AO27,AR27,AU27,AX27) -> 0
A28: 41 | B28: RICE Declan | C28: =SUM(F28,I28,L28,O28,R28,X28,AA28,AD28,U28,AG28,AJ28,AM28,AP28,AS28,AV28) -> 1 | D28: =SUM(G28,J28,M28,P28,S28,Y28,AB28,AE28,V28,AH28,AK28,AN28,AQ28,AT28,AW28) -> 0 | E28: =SUM(H28,K28,N28,Q28,T28,Z28,AC28,AF28,W28,AI28,AL28,AO28,AR28,AU28,AX28) -> 0 | F28: 1
A29: 43 | B29: HARRIMAN-ANNOUS Andre | C29: =SUM(F29,I29,L29,O29,R29,X29,AA29,AD29,U29,AG29,AJ29,AM29,AP29,AS29,AV29) -> 0 | D29: =SUM(G29,J29,M29,P29,S29,Y29,AB29,AE29,V29,AH29,AK29,AN29,AQ29,AT29,AW29) -> 0 | E29: =SUM(H29,K29,N29,Q29,T29,Z29,AC29,AF29,W29,AI29,AL29,AO29,AR29,AU29,AX29) -> 0
A30: 44 | B30: IBRAHIM Ife | C30: =SUM(F30,I30,L30,O30,R30,X30,AA30,AD30,U30,AG30,AJ30,AM30,AP30,AS30,AV30) -> 0 | D30: =SUM(G30,J30,M30,P30,S30,Y30,AB30,AE30,V30,AH30,AK30,AN30,AQ30,AT30,AW30) -> 0 | E30: =SUM(H30,K30,N30,Q30,T30,Z30,AC30,AF30,W30,AI30,AL30,AO30,AR30,AU30,AX30) -> 0
A31: 45 | B31: JULIENNE Theo | C31: =SUM(F31,I31,L31,O31,R31,X31,AA31,AD31,U31,AG31,AJ31,AM31,AP31,AS31,AV31) -> 0 | D31: =SUM(G31,J31,M31,P31,S31,Y31,AB31,AE31,V31,AH31,AK31,AN31,AQ31,AT31,AW31) -> 0 | E31: =SUM(H31,K31,N31,Q31,T31,Z31,AC31,AF31,W31,AI31,AL31,AO31,AR31,AU31,AX31) -> 0
A32: 46 | B32: KABIA Ismeal | C32: =SUM(F32,I32,L32,O32,R32,X32,AA32,AD32,U32,AG32,AJ32,AM32,AP32,AS32,AV32) -> 0 | D32: =SUM(G32,J32,M32,P32,S32,Y32,AB32,AE32,V32,AH32,AK32,AN32,AQ32,AT32,AW32) -> 0 | E32: =SUM(H32,K32,N32,Q32,T32,Z32,AC32,AF32,W32,AI32,AL32,AO32,AR32,AU32,AX32) -> 0
A33: 49 | B33: LEWIS-SKELLY Myles | C33: =SUM(F33,I33,L33,O33,R33,X33,AA33,AD33,U33,AG33,AJ33,AM33,AP33,AS33,AV33) -> 0 | D33: =SUM(G33,J33,M33,P33,S33,Y33,AB33,AE33,V33,AH33,AK33,AN33,AQ33,AT33,AW33) -> 0 | E33: =SUM(H33,K33,N33,Q33,T33,Z33,AC33,AF33,W33,AI33,AL33,AO33,AR33,AU33,AX33) -> 0
A34: 53 | B34: SAGOE JR Charles | C34: =SUM(F34,I34,L34,O34,R34,X34,AA34,AD34,U34,AG34,AJ34,AM34,AP34,AS34,AV34) -> 0 | D34: =SUM(G34,J34,M34,P34,S34,Y34,AB34,AE34,V34,AH34,AK34,AN34,AQ34,AT34,AW34) -> 0 | E34: =SUM(H34,K34,N34,Q34,T34,Z34,AC34,AF34,W34,AI34,AL34,AO34,AR34,AU34,AX34) -> 0
A35: 55 | B35: PORTER Jack | C35: =SUM(F35,I35,L35,O35,R35,X35,AA35,AD35,U35,AG35,AJ35,AM35,AP35,AS35,AV35) -> 0 | D35: =SUM(G35,J35,M35,P35,S35,Y35,AB35,AE35,V35,AH35,AK35,AN35,AQ35,AT35,AW35) -> 0 | E35: =SUM(H35,K35,N35,Q35,T35,Z35,AC35,AF35,W35,AI35,AL35,AO35,AR35,AU35,AX35) -> 0
A36: 56 | B36: DOWMAN Max | C36: =SUM(F36,I36,L36,O36,R36,X36,AA36,AD36,U36,AG36,AJ36,AM36,AP36,AS36,AV36) -> 0 | D36: =SUM(G36,J36,M36,P36,S36,Y36,AB36,AE36,V36,AH36,AK36,AN36,AQ36,AT36,AW36) -> 0 | E36: =SUM(H36,K36,N36,Q36,T36,Z36,AC36,AF36,W36,AI36,AL36,AO36,AR36,AU36,AX36) -> 0
A37: 71 | B37: BAILEY-JOSEPH Brando | C37: =SUM(F37,I37,L37,O37,R37,X37,AA37,AD37,U37,AG37,AJ37,AM37,AP37,AS37,AV37) -> 0 | D37: =SUM(G37,J37,M37,P37,S37,Y37,AB37,AE37,V37,AH37,AK37,AN37,AQ37,AT37,AW37) -> 0 | E37: =SUM(H37,K37,N37,Q37,T37,Z37,AC37,AF37,W37,AI37,AL37,AO37,AR37,AU37,AX37) -> 0
A38: 89 | B38: SALMON Marli | C38: =SUM(F38,I38,L38,O38,R38,X38,AA38,AD38,U38,AG38,AJ38,AM38,AP38,AS38,AV38) -> 0 | D38: =SUM(G38,J38,M38,P38,S38,Y38,AB38,AE38,V38,AH38,AK38,AN38,AQ38,AT38,AW38) -> 0 | E38: =SUM(H38,K38,N38,Q38,T38,Z38,AC38,AF38,W38,AI38,AL38,AO38,AR38,AU38,AX38) -> 0
F39: =SUM(F4:F38) -> 16 | G39: =SUM(G4:G38) -> 1 | H39: =SUM(H4:H38) -> 1 | I39: =SUM(I4:I38) -> 0 | J39: =SUM(J4:J38) -> 0 | K39: =SUM(K4:K38) -> 0 | L39: =SUM(L4:L38) -> 0 | M39: =SUM(M4:M38) -> 0 | ... AX39: =SUM(AX4:AX38) -> 0

Sheet FA Cup
C1: Σ App | D1: Σ Gls | E1: Σ Ast | F1: 3rd round | I1: 4th round | L1: 5th round | O1: 1/4 | R1: 1/2 | U1: Final
A3: # | B3: Name | F3: App | G3: Gls | H3: Ast | I3: App | J3: Gls | K3: Ast | L3: App | M3: Gls | N3: Ast | O3: App | P3: Gls | Q3: Ast | R3: App | S3: Gls | T3: Ast | U3: App | V3: Gls | W3: Ast
A4: 1 | B4: RAYA David | C4: =SUM(F4,I4,L4,O4,R4,U4) -> 0 | D4: =SUM(G4,J4,M4,P4,S4,V4) -> 0 | E4: =SUM(H4,K4,N4,Q4,T4,W4) -> 0
A5: 2 | B5: SALIBA William | C5: =SUM(F5,I5,L5,O5,R5,U5) -> 0 | D5: =SUM(G5,J5,M5,P5,S5,V5) -> 0 | E5: =SUM(H5,K5,N5,Q5,T5,W5) -> 0
A6: 3 | B6: MOSQUERA Cristhian | C6: =SUM(F6,I6,L6,O6,R6,U6) -> 0 | D6: =SUM(G6,J6,M6,P6,S6,V6) -> 0 | E6: =SUM(H6,K6,N6,Q6,T6,W6) -> 0
A7: 4 | B7: WHITE Ben | C7: =SUM(F7,I7,L7,O7,R7,U7) -> 0 | D7: =SUM(G7,J7,M7,P7,S7,V7) -> 0 | E7: =SUM(H7,K7,N7,Q7,T7,W7) -> 0
A8: 5 | B8: HINCAPIE Piero | C8: =SUM(F8,I8,L8,O8,R8,U8) -> 0 | D8: =SUM(G8,J8,M8,P8,S8,V8) -> 0 | E8: =SUM(H8,K8,N8,Q8,T8,W8) -> 0
A9: 6 | B9: GABRIEL | C9: =SUM(F9,I9,L9,O9,R9,U9) -> 0 | D9: =SUM(G9,J9,M9,P9,S9,V9) -> 0 | E9: =SUM(H9,K9,N9,Q9,T9,W9) -> 0
A10: 7 | B10: SAKA Bukayo | C10: =SUM(F10,I10,L10,O10,R10,U10) -> 0 | D10: =SUM(G10,J10,M10,P10,S10,V10) -> 0 | E10: =SUM(H10,K10,N10,Q10,T10,W10) -> 0
A11: 8 | B11: ODEGAARD Martin | C11: =SUM(F11,I11,L11,O11,R11,U11) -> 0 | D11: =SUM(G11,J11,M11,P11,S11,V11) -> 0 | E11: =SUM(H11,K11,N11,Q11,T11,W11) -> 0
A12: 10 | B12: EZE Eberechi | C12: =SUM(F12,I12,L12,O12,R12,U12) -> 0 | D12: =SUM(G12,J12,M12,P12,S12,V12) -> 0 | E12: =SUM(H12,K12,N12,Q12,T12,W12) -> 0
A13: 12 | B13: TIMBER Jurrien | C13: =SUM(F13,I13,L13,O13,R13,U13) -> 0 | D13: =SUM(G13,J13,M13,P13,S13,V13) -> 0 | E13: =SUM(H13,K13,N13,Q13,T13,W13) -> 0
A14: 13 | B14: KEPA Arrizabalaga | C14: =SUM(F14,I14,L14,O14,R14,U14) -> 0 | D14: =SUM(G14,J14,M14,P14,S14,V14) -> 0 | E14: =SUM(H14,K14,N14,Q14,T14,W14) -> 0
A15: 14 | B15: GYOKERES Viktor | C15: =SUM(F15,I15,L15,O15,R15,U15) -> 0 | D15: =SUM(G15,J15,M15,P15,S15,V15) -> 0 | E15: =SUM(H15,K15,N15,Q15,T15,W15) -> 0
... A38: 89 | B38: SALMON Marli | C38: =SUM(F38,I38,L38,O38,R38,U38) -> 0 | D38: =SUM(G38,J38,M38,P38,S38,V38) -> 0 | E38: =SUM(H38,K38,N38,Q38,T38,W38) -> 0
F39: =SUM(F4:F38) -> 0 | G39: =SUM(G4:G38) -> 0 | H39: =SUM(H4:H38) -> 0 | I39: =SUM(I4:I38) -> 0 | J39: =SUM(J4:J38) -> 0 | K39: =SUM(K4:K38) -> 0 | L39: =SUM(L4:L38) -> 0 | M39: =SUM(M4:M38) -> 0 | ... W39: =SUM(W4:W38) -> 0

Sheet League Cup
C1: Σ App | D1: Σ Gls | E1: Σ Ast | F1: 3rd round | I1: 4th round | L1: 5th round | O1: 1/4 | R1: 1/2 | U1: Final
F2: Ipswitch Town
A3: # | B3: Name | F3: App | G3: Gls | H3: Ast | I3: App | J3: Gls | K3: Ast | L3: App | M3: Gls | N3: Ast | O3: App | P3: Gls | Q3: Ast | R3: App | S3: Gls | T3: Ast | U3: App | V3: Gls | W3: Ast
A4: 1 | B4: RAYA David | C4: =SUM(F4,I4,L4,O4,R4,U4) -> 0 | D4: =SUM(G4,J4,M4,P4,S4,V4) -> 0 | E4: =SUM(H4,K4,N4,Q4,T4,W4) -> 0
A5: 2 | B5: SALIBA William | C5: =SUM(F5,I5,L5,O5,R5,U5) -> 0 | D5: =SUM(G5,J5,M5,P5,S5,V5) -> 0 | E5: =SUM(H5,K5,N5,Q5,T5,W5) -> 0
A6: 3 | B6: MOSQUERA Cristhian | C6: =SUM(F6,I6,L6,O6,R6,U6) -> 0 | D6: =SUM(G6,J6,M6,P6,S6,V6) -> 0 | E6: =SUM(H6,K6,N6,Q6,T6,W6) -> 0
A7: 4 | B7: WHITE Ben | C7: =SUM(F7,I7,L7,O7,R7,U7) -> 0 | D7: =SUM(G7,J7,M7,P7,S7,V7) -> 0 | E7: =SUM(H7,K7,N7,Q7,T7,W7) -> 0
A8: 5 | B8: HINCAPIE Piero | C8: =SUM(F8,I8,L8,O8,R8,U8) -> 0 | D8: =SUM(G8,J8,M8,P8,S8,V8) -> 0 | E8: =SUM(H8,K8,N8,Q8,T8,W8) -> 0
A9: 6 | B9: GABRIEL | C9: =SUM(F9,I9,L9,O9,R9,U9) -> 1 | D9: =SUM(G9,J9,M9,P9,S9,V9) -> 0 | E9: =SUM(H9,K9,N9,Q9,T9,W9) -> 0 | F9: 1
A10: 7 | B10: SAKA Bukayo | C10: =SUM(F10,I10,L10,O10,R10,U10) -> 0 | D10: =SUM(G10,J10,M10,P10,S10,V10) -> 0 | E10: =SUM(H10,K10,N10,Q10,T10,W10) -> 0
A11: 8 | B11: ODEGAARD Martin | C11: =SUM(F11,I11,L11,O11,R11,U11) -> 1 | D11: =SUM(G11,J11,M11,P11,S11,V11) -> 0 | E11: =SUM(H11,K11,N11,Q11,T11,W11) -> 0 | F11: 1
A12: 10 | B12: EZE Eberechi | C12: =SUM(F12,I12,L12,O12,R12,U12) -> 1 | D12: =SUM(G12,J12,M12,P12,S12,V12) -> 0 | E12: =SUM(H12,K12,N12,Q12,T12,W12) -> 1 | F12: 1 | H12: 1
A13: 12 | B13: TIMBER Jurrien | C13: =SUM(F13,I13,L13,O13,R13,U13) -> 0 | D13: =SUM(G13,J13,M13,P13,S13,V13) -> 0 | E13: =SUM(H13,K13,N13,Q13,T13,W13) -> 0
A14: 13 | B14: KEPA Arrizabalaga | C14: =SUM(F14,I14,L14,O14,R14,U14) -> 1 | D14: =SUM(G14,J14,M14,P14,S14,V14) -> 0 | E14: =SUM(H14,K14,N14,Q14,T14,W14) -> 0 | F14: 1
A15: 14 | B15: GYOKERES Viktor | C15: =SUM(F15,I15,L15,O15,R15,U15) -> 1 | D15: =SUM(G15,J15,M15,P15,S15,V15) -> 0 | E15: =SUM(H15,K15,N15,Q15,T15,W15) -> 0 | F15: 1
A16: 15 | B16: KONSA Ezri | C16: =SUM(F16,I16,L16,O16,R16,U16) -> 1 | D16: =SUM(G16,J16,M16,P16,S16,V16) -> 0 | E16: =SUM(H16,K16,N16,Q16,T16,W16) -> 0 | F16: 1
A17: 17 | B17: TZOLIS Christos | C17: =SUM(F17,I17,L17,O17,R17,U17) -> 1 | D17: =SUM(G17,J17,M17,P17,S17,V17) -> 0 | E17: =SUM(H17,K17,N17,Q17,T17,W17) -> 0 | F17: 1
A18: 20 | B18: MADUEKE Nuno | C18: =SUM(F18,I18,L18,O18,R18,U18) -> 1 | D18: =SUM(G18,J18,M18,P18,S18,V18) -> 1 | E18: =SUM(H18,K18,N18,Q18,T18,W18) -> 0 | F18: 1 | G18: 1
A19: 22 | B19: NWANERI Ethan | C19: =SUM(F19,I19,L19,O19,R19,U19) -> 0 | D19: =SUM(G19,J19,M19,P19,S19,V19) -> 0 | E19: =SUM(H19,K19,N19,Q19,T19,W19) -> 0
A20: 23 | B20: MERINO Mikel | C20: =SUM(F20,I20,L20,O20,R20,U20) -> 1 | D20: =SUM(G20,J20,M20,P20,S20,V20) -> 1 | E20: =SUM(H20,K20,N20,Q20,T20,W20) -> 0 | F20: 1 | G20: 1
A21: 29 | B21: HAVERTZ Kai | C21: =SUM(F21,I21,L21,O21,R21,U21) -> 0 | D21: =SUM(G21,J21,M21,P21,S21,V21) -> 0 | E21: =SUM(H21,K21,N21,Q21,T21,W21) -> 0
A22: 30 | B22: MESLIER Illan | C22: =SUM(F22,I22,L22,O22,R22,U22) -> 0 | D22: =SUM(G22,J22,M22,P22,S22,V22) -> 0 | E22: =SUM(H22,K22,N22,Q22,T22,W22) -> 0
A23: 33 | B23: CALAFIORI Riccardo | C23: =SUM(F23,I23,L23,O23,R23,U23) -> 0 | D23: =SUM(G23,J23,M23,P23,S23,V23) -> 0 | E23: =SUM(H23,K23,N23,Q23,T23,W23) -> 0
A24: 35 | B24: SETFORD Tommy | C24: =SUM(F24,I24,L24,O24,R24,U24) -> 0 | D24: =SUM(G24,J24,M24,P24,S24,V24) -> 0 | E24: =SUM(H24,K24,N24,Q24,T24,W24) -> 0
A25: 36 | B25: ZUBIMENDI Martin | C25: =SUM(F25,I25,L25,O25,R25,U25) -> 1 | D25: =SUM(G25,J25,M25,P25,S25,V25) -> 0 | E25: =SUM(H25,K25,N25,Q25,T25,W25) -> 1 | F25: 1 | H25: 1
A26: 39 | B26: GUIMARES Bruno | C26: =SUM(F26,I26,L26,O26,R26,U26) -> 1 | D26: =SUM(G26,J26,M26,P26,S26,V26) -> 0 | E26: =SUM(H26,K26,N26,Q26,T26,W26) -> 0 | F26: 1
A27: 40 | B27: DIXON Jaden | C27: =SUM(F27,I27,L27,O27,R27,U27) -> 0 | D27: =SUM(G27,J27,M27,P27,S27,V27) -> 0 | E27: =SUM(H27,K27,N27,Q27,T27,W27) -> 0
A28: 41 | B28: RICE Declan | C28: =SUM(F28,I28,L28,O28,R28,U28) -> 0 | D28: =SUM(G28,J28,M28,P28,S28,V28) -> 0 | E28: =SUM(H28,K28,N28,Q28,T28,W28) -> 0
A29: 43 | B29: HARRIMAN-ANNOUS Andre | C29: =SUM(F29,I29,L29,O29,R29,U29) -> 0 | D29: =SUM(G29,J29,M29,P29,S29,V29) -> 0 | E29: =SUM(H29,K29,N29,Q29,T29,W29) -> 0
A30: 44 | B30: IBRAHIM Ife | C30: =SUM(F30,I30,L30,O30,R30,U30) -> 1 | D30: =SUM(G30,J30,M30,P30,S30,V30) -> 0 | E30: =SUM(H30,K30,N30,Q30,T30,W30) -> 0 | F30: 1
A31: 45 | B31: JULIENNE Theo | C31: =SUM(F31,I31,L31,O31,R31,U31) -> 1 | D31: =SUM(G31,J31,M31,P31,S31,V31) -> 0 | E31: =SUM(H31,K31,N31,Q31,T31,W31) -> 0 | F31: 1
A32: 46 | B32: KABIA Ismeal | C32: =SUM(F32,I32,L32,O32,R32,U32) -> 0 | D32: =SUM(G32,J32,M32,P32,S32,V32) -> 0 | E32: =SUM(H32,K32,N32,Q32,T32,W32) -> 0
A33: 49 | B33: LEWIS-SKELLY Myles | C33: =SUM(F33,I33,L33,O33,R33,U33) -> 1 | D33: =SUM(G33,J33,M33,P33,S33,V33) -> 0 | E33: =SUM(H33,K33,N33,Q33,T33,W33) -> 0 | F33: 1
A34: 53 | B34: SAGOE JR Charles | C34: =SUM(F34,I34,L34,O34,R34,U34) -> 0 | D34: =SUM(G34,J34,M34,P34,S34,V34) -> 0 | E34: =SUM(H34,K34,N34,Q34,T34,W34) -> 0
A35: 55 | B35: PORTER Jack | C35: =SUM(F35,I35,L35,O35,R35,U35) -> 0 | D35: =SUM(G35,J35,M35,P35,S35,V35) -> 0 | E35: =SUM(H35,K35,N35,Q35,T35,W35) -> 0
A36: 56 | B36: DOWMAN Max | C36: =SUM(F36,I36,L36,O36,R36,U36) -> 1 | D36: =SUM(G36,J36,M36,P36,S36,V36) -> 2 | E36: =SUM(H36,K36,N36,Q36,T36,W36) -> 0 | F36: 1 | G36: 2
A37: 71 | B37: BAILEY-JOSEPH Brando | C37: =SUM(F37,I37,L37,O37,R37,U37) -> 0 | D37: =SUM(G37,J37,M37,P37,S37,V37) -> 0 | E37: =SUM(H37,K37,N37,Q37,T37,W37) -> 0
A38: 89 | B38: SALMON Marli | C38: =SUM(F38,I38,L38,O38,R38,U38) -> 1 | D38: =SUM(G38,J38,M38,P38,S38,V38) -> 0 | E38: =SUM(H38,K38,N38,Q38,T38,W38) -> 0 | F38: 1
F39: =SUM(F4:F38) -> 16 | G39: =SUM(G4:G38) -> 4 | H39: =SUM(H4:H38) -> 2 | I39: =SUM(I4:I38) -> 0 | J39: =SUM(J4:J38) -> 0 | K39: =SUM(K4:K38) -> 0 | L39: =SUM(L4:L38) -> 0 | M39: =SUM(M4:M38) -> 0 | ... W39: =SUM(W4:W38) -> 0

Sheet Other (CS)
C1: Man City
A2: # | B2: Name | C2: App | D2: Gls | E2: Ast
A3: 1 | B3: RAYA David | C3: 1
A4: 2 | B4: SALIBA William
A5: 3 | B5: MOSQUERA Cristhian | C5: 1
A6: 4 | B6: WHITE Ben | C6: 1
A7: 5 | B7: HINCAPIE Piero | C7: 1
A8: 6 | B8: GABRIEL | C8: 1
A9: 7 | B9: SAKA Bukayo | C9: 1
A10: 8 | B10: ODEGAARD Martin | C10: 1 | D10: 1
A11: 10 | B11: EZE Eberechi | C11: 1
A12: 12 | B12: TIMBER Jurrien
A13: 13 | B13: KEPA Arrizabalaga
A14: 14 | B14: GYOKERES Viktor | C14: 1
A15: 15 | B15: KONSA Ezri
A16: 17 | B16: TZOLIS Christos | C16: 1 | E16: 2
A17: 20 | B17: MADUEKE Nuno | C17: 1
A18: 22 | B18: NWANERI Ethan
A19: 23 | B19: MERINO Mikel
A20: 29 | B20: HAVERTZ Kai | C20: 1 | D20: 1
A21: 30 | B21: MESLIER Illan
A22: 33 | B22: CALAFIORI Riccardo | C22: 1 | D22: 1
A23: 35 | B23: SETFORD Tommy
A24: 36 | B24: ZUBIMENDI Martin | C24: 1
A25: 39 | B25: GUIMARES Bruno | C25: 1
A26: 40 | B26: DIXON Jaden
A27: 41 | B27: RICE Declan | C27: 1
A28: 43 | B28: HARRIMAN-ANNOUS Andre
A29: 44 | B29: IBRAHIM Ife
A30: 45 | B30: JULIENNE Theo
A31: 46 | B31: KABIA Ismeal
A32: 49 | B32: LEWIS-SKELLY Myles | C32: 1 | E32: 1
A33: 53 | B33: SAGOE JR Charles
A34: 55 | B34: PORTER Jack
A35: 56 | B35: DOWMAN Max
A36: 71 | B36: BAILEY-JOSEPH Brando
A37: 89 | B37: SALMON Marli

Sheet Season Breakdown
C1: ARTETA | J1: UE/FL/MA | K1: EMERY | L1: WENGER | AH1: PRE WENGER ERA
C2: 2026/27 | D2: 2025/26 | E2: 2024/25 | F2: 2023/24 | G2: 2022/23 | H2: 2021/22 | I2: 2020/21 | J2: 2019/20 | K2: 2018/19 | L2: 2017/18 | M2: 2016/17 | N2: 2015/16 | O2: 2014/15 | P2: 2013/14 | Q2: 2012/13 | R2: 2011/12 | S2: 2010/11 | T2: 2009/10 | U2: 2008/09 | V2: 2007/08 | W2: 2006/07 | X2: 2005/06 | Y2: 2004/05 | Z2: 2003/04 | AA2: 2002/03 | AB2: 2001/02 | AC2: 2000/01 | AD2: 1999/00 | AE2: 1998/99 | AF2: 1997/98 | AG2: 1996/97 | AH2: 1995/96 | AI2: 1994/95 | AJ2: 1993/94 | AK2: 1992/93
A3: =AVERAGE(C3:AK3) -> 1.9714286 | B3: 1 | C3: 3 | D3: 3 | E3: 3 | F3: 3 | G3: 3 | H3: 0 | I3: 3 | J3: 3 | K3: 0 | L3: 3 | M3: 0 | N3: 0 | O3: 3 | P3: 0 | Q3: 1 | R3: 1 | S3: 1 | T3: 3 | U3: 3 | V3: 3 | W3: 1 | X3: 3 | Y3: 3 | Z3: 3 | AA3: 3 | AB3: 3 | AC3: 0 | AD3: 3 | AE3: 3 | AF3: 1 | AG3: 3 | AH3: 1 | AI3: 3 | AJ3: 0 | AK3: 0
A4: =AVERAGE(C4:AK4) -> 1.7142857 | B4: 2 | C4: 3 | D4: 3 | E4: 3 | F4: 3 | G4: 3 | H4: 0 | I4: 3 | J4: 3 | K4: 0 | L4: 0 | M4: 1 | N4: 3 | O4: 1 | P4: 3 | Q4: 1 | R4: 0 | S4: 3 | T4: 3 | U4: 0 | V4: 1 | W4: 0 | X4: 0 | Y4: 3 | Z4: 3 | AA4: 1 | AB4: 0 | AC4: 3 | AD4: 3 | AE4: 1 | AF4: 3 | AG4: 0 | AH4: 3 | AI4: 0 | AJ4: 3 | AK4: 0
A5: =AVERAGE(C5:AK5) -> 1.8571429 | B5: 3 | C5: 3 | D5: 0 | E5: 1 | F5: 1 | G5: 3 | H5: 0 | I5: 0 | J5: 0 | K5: 3 | L5: 0 | M5: 3 | N5: 1 | O5: 1 | P5: 3 | Q5: 3 | R5: 0 | S5: 3 | T5: 0 | U5: 3 | V5: 3 | W5: 1 | X5: 3 | Y5: 3 | Z5: 3 | AA5: 3 | AB5: 3 | AC5: 3 | AD5: 1 | AE5: 1 | AF5: 3 | AG5: 3 | AH5: 1 | AI5: 0 | AJ5: 3 | AK5: 3
A6: =AVERAGE(C6:AK6) -> 2.1714286 | B6: 4 | C6: 3 | D6: 3 | E6: 3 | F6: 3 | G6: 3 | H6: 3 | I6: 3 | J6: 1 | K6: 3 | L6: 3 | M6: 3 | N6: 3 | O6: 1 | P6: 3 | Q6: 3 | R6: 3 | S6: 3 | T6: 0 | U6: 3 | V6: 3 | W6: 3 | X6: 0 | Y6: 3 | Z6: 3 | AA6: 1 | AB6: 1 | AC6: 1 | AD6: 0 | AE6: 1 | AF6: 1 | AG6: 1 | AH6: 1 | AI6: 1 | AJ6: 3 | AK6: 3
A7: =AVERAGE(C7:AK7) -> 2.0571429 | B7: 5 | C7: 0 | D7: 1 | E7: 1 | F7: 3 | G7: 3 | H7: 3 | I7: 0 | J7: 1 | K7: 3 | L7: 1 | M7: 3 | N7: 3 | O7: 3 | P7: 3 | Q7: 1 | R7: 0 | S7: 1 | T7: 3 | U7: 3 | V7: 3 | W7: 3 | X7: 3 | Y7: 3 | Z7: 1 | AA7: 3 | AB7: 3 | AC7: 1 | AD7: 3 | AE7: 1 | AF7: 1 | AG7: 1 | AH7: 3 | AI7: 1 | AJ7: 3 | AK7: 3
A8: =AVERAGE(C8:AK8) -> 1.8235294 | B8: 6 | D8: 3 | E8: 3 | F8: 1 | G8: 0 | H8: 3 | I8: 0 | J8: 3 | K8: 3 | L8: 3 | M8: 3 | N8: 0 | O8: 1 | P8: 3 | Q8: 0 | R8: 3 | S8: 0 | T8: 3 | U8: 0 | V8: 3 | W8: 3 | X8: 1 | Y8: 1 | Z8: 1 | AA8: 3 | AB8: 1 | AC8: 3 | AD8: 0 | AE8: 3 | AF8: 3 | AG8: 3 | AH8: 3 | AI8: 0 | AJ8: 1 | AK8: 1
A9: =AVERAGE(C9:AK9) -> 2.2647059 | B9: 7 | D9: 3 | E9: 3 | F9: 3 | G9: 3 | H9: 1 | I9: 3 | J9: 1 | K9: 3 | L9: 3 | M9: 3 | N9: 3 | O9: 0 | P9: 1 | Q9: 3 | R9: 0 | S9: 0 | T9: 3 | U9: 1 | V9: 3 | W9: 3 | X9: 3 | Y9: 3 | Z9: 3 | AA9: 3 | AB9: 3 | AC9: 1 | AD9: 3 | AE9: 0 | AF9: 3 | AG9: 3 | AH9: 3 | AI9: 3 | AJ9: 3 | AK9: 0
A10: =AVERAGE(C10:AK10) -> 2.0882353 | B10: 8 | D10: 3 | E10: 0 | F10: 3 | G10: 3 | H10: 1 | I10: 0 | J10: 3 | K10: 3 | L10: 0 | M10: 3 | N10: 3 | O10: 1 | P10: 3 | Q10: 0 | R10: 3 | S10: 3 | T10: 3 | U10: 3 | V10: 3 | W10: 3 | X10: 0 | Y10: 3 | Z10: 3 | AA10: 3 | AB10: 3 | AC10: 3 | AD10: 3 | AE10: 3 | AF10: 3 | AG10: 3 | AH10: 0 | AI10: 0 | AJ10: 0 | AK10: 0
A11: =AVERAGE(C11:AK11) -> 2.3235294 | B11: 9 | D11: 3 | E11: 1 | F11: 1 | G11: 3 | H11: 3 | I11: 1 | J11: 0 | K11: 3 | L11: 3 | M11: 1 | N11: 3 | O11: 3 | P11: 3 | Q11: 3 | R11: 3 | S11: 3 | T11: 1 | U11: 3 | V11: 3 | W11: 1 | X11: 3 | Y11: 3 | Z11: 3 | AA11: 3 | AB11: 1 | AC11: 3 | AD11: 3 | AE11: 1 | AF11: 1 | AG11: 3 | AH11: 3 | AI11: 3 | AJ11: 3 | AK11: 1
A12: =AVERAGE(C12:AK12) -> 1.8529412 | B12: 10 | D12: 3 | E12: 0 | F12: 3 | G12: 3 | H12: 3 | I12: 0 | J12: 1 | K12: 1 | L12: 3 | M12: 3 | N12: 3 | O12: 3 | P12: 3 | Q12: 0 | R12: 3 | S12: 3 | T12: 3 | U12: 1 | V12: 1 | W12: 0 | X12: 1 | Y12: 0 | Z12: 1 | AA12: 0 | AB12: 1 | AC12: 3 | AD12: 0 | AE12: 3 | AF12: 3 | AG12: 1 | AH12: 3 | AI12: 3 | AJ12: 1 | AK12: 3
A13: =AVERAGE(C13:AK13) -> 1.4705882 | B13: 11 | D13: 1 | E13: 1 | F13: 0 | G13: 1 | H13: 3 | I13: 0 | J13: 1 | K13: 1 | L13: 0 | M13: 1 | N13: 3 | O13: 0 | P13: 0 | Q13: 1 | R13: 3 | S13: 0 | T13: 3 | U13: 0 | V13: 1 | W13: 3 | X13: 3 | Y13: 1 | Z13: 3 | AA13: 0 | AB13: 0 | AC13: 3 | AD13: 3 | AE13: 3 | AF13: 1 | AG13: 3 | AH13: 0 | AI13: 3 | AJ13: 1 | AK13: 3
A14: =AVERAGE(C14:AK14) -> 1.9705882 | B14: 12 | D14: 3 | E14: 3 | F14: 3 | G14: 3 | H14: 0 | I14: 0 | J14: 0 | K14: 1 | L14: 3 | M14: 1 | N14: 1 | O14: 0 | P14: 3 | Q14: 3 | R14: 3 | S14: 3 | T14: 0 | U14: 3 | V14: 3 | W14: 1 | X14: 3 | Y14: 1 | Z14: 3 | AA14: 3 | AB14: 1 | AC14: 3 | AD14: 3 | AE14: 3 | AF14: 1 | AG14: 1 | AH14: 3 | AI14: 1 | AJ14: 1 | AK14: 3
A15: =AVERAGE(C15:AK15) -> 1.7941176 | B15: 13 | D15: 1 | E15: 3 | F15: 3 | G15: 3 | H15: 3 | I15: 1 | J15: 1 | K15: 3 | L15: 3 | M15: 3 | N15: 0 | O15: 3 | P15: 3 | Q15: 1 | R15: 1 | S15: 3 | T15: 0 | U15: 0 | V15: 3 | W15: 0 | X15: 3 | Y15: 3 | Z15: 3 | AA15: 3 | AB15: 3 | AC15: 1 | AD15: 1 | AE15: 1 | AF15: 0 | AG15: 0 | AH15: 0 | AI15: 1 | AJ15: 1 | AK15: 3
A16: =AVERAGE(C16:AK16) -> 1.7352941 | B16: 14 | D16: 3 | E16: 3 | F16: 3 | G16: 3 | H16: 0 | I16: 0 | J16: 1 | K16: 3 | L16: 3 | M16: 3 | N16: 1 | O16: 3 | P16: 3 | Q16: 1 | R16: 3 | S16: 0 | T16: 3 | U16: 0 | V16: 3 | W16: 0 | X16: 0 | Y16: 1 | Z16: 1 | AA16: 3 | AB16: 3 | AC16: 0 | AD16: 0 | AE16: 0 | AF16: 3 | AG16: 3 | AH16: 3 | AI16: 0 | AJ16: 0 | AK16: 3
A17: =AVERAGE(C17:AK17) -> 1.5294118 | B17: 15 | D17: 0 | E17: 1 | F17: 3 | G17: 3 | H17: 0 | I17: 3 | J17: 0 | K17: 1 | L17: 0 | M17: 3 | N17: 3 | O17: 0 | P17: 1 | Q17: 0 | R17: 3 | S17: 3 | T17: 3 | U17: 3 | V17: 1 | W17: 3 | X17: 0 | Y17: 0 | Z17: 1 | AA17: 0 | AB17: 3 | AC17: 0 | AD17: 3 | AE17: 1 | AF17: 0 | AG17: 3 | AH17: 1 | AI17: 0 | AJ17: 3 | AK17: 3
A18: =AVERAGE(C18:AK18) -> 1.7647059 | B18: 16 | D18: 3 | E18: 1 | F18: 0 | G18: 3 | H18: 3 | I18: 3 | J18: 3 | K18: 3 | L18: 1 | M18: 0 | N18: 3 | O18: 3 | P18: 0 | Q18: 3 | R18: 0 | S18: 3 | T18: 1 | U18: 3 | V18: 0 | W18: 1 | X18: 0 | Y18: 3 | Z18: 3 | AA18: 3 | AB18: 1 | AC18: 3 | AD18: 3 | AE18: 1 | AF18: 0 | AG18: 3 | AH18: 1 | AI18: 1 | AJ18: 1 | AK18: 0
A19: =AVERAGE(C19:AK19) -> 1.7058824 | B19: 17 | D19: 3 | E19: 3 | F19: 3 | G19: 1 | H19: 3 | I19: 3 | J19: 0 | K19: 0 | L19: 1 | M19: 0 | N19: 3 | O19: 1 | P19: 1 | Q19: 3 | R19: 3 | S19: 0 | T19: 3 | U19: 1 | V19: 3 | W19: 3 | X19: 3 | Y19: 1 | Z19: 1 | AA19: 0 | AB19: 0 | AC19: 3 | AD19: 3 | AE19: 0 | AF19: 3 | AG19: 1 | AH19: 1 | AI19: 1 | AJ19: 3 | AK19: 0
... A40: =AVERAGE(C40:AK40) -> 2.4117647 | B40: 38 | D40: 3 | E40: 3 | F40: 3 | G40: 3 | H40: 3 | I40: 3 | J40: 3 | K40: 3 | L40: 3 | M40: 3 | N40: 3 | O40: 3 | P40: 3 | Q40: 3 | R40: 3 | S40: 1 | T40: 3 | U40: 3 | V40: 3 | W40: 1 | X40: 3 | Y40: 0 | Z40: 3 | AA40: 3 | AB40: 3 | AC40: 0 | AD40: 0 | AE40: 3 | AF40: 0 | AG40: 3 | AH40: 3 | AI40: 3 | AJ40: 1 | AK40: 1
A41: =AVERAGE(C41:AK41) -> 2.3333333 | B41: 39 | AI41: 3 | AJ41: 3 | AK41: 1
A42: =AVERAGE(C42:AK42) -> 0.66666667 | B42: 40 | AI42: 1 | AJ42: 1 | AK42: 0
A43: =AVERAGE(C43:AK43) -> 1.3333333 | B43: 41 | AI43: 1 | AJ43: 0 | AK43: 3
A44: =AVERAGE(C44:AK44) -> 0 | B44: 42 | AI44: 0 | AJ44: 0 | AK44: 0
B45: SUM | D45: =SUM(D3:D40) -> 85 | E45: =SUM(E3:E40) -> 74 | F45: =SUM(F3:F40) -> 89 | G45: =SUM(G3:G40) -> 84 | H45: =SUM(H3:H40) -> 69 | I45: =SUM(I3:I40) -> 61 | J45: =SUM(J3:J40) -> 56 | K45: =SUM(K3:K40) -> 70 | ... AH45: =SUM(AH3:AH40) -> 63 | AI45: =SUM(AI3:AI44) -> 51 | AJ45: =SUM(AJ3:AJ44) -> 71 | AK45: =SUM(AK3:AK44) -> 56
B46: POS | D46: 1 | E46: 2 | F46: 2 | G46: 2 | H46: 5 | I46: 8 | J46: 8 | K46: 5 | L46: 6 | M46: 5 | N46: 2 | O46: 3 | P46: 4 | Q46: 4 | R46: 3 | S46: 4 | T46: 3 | U46: 4 | V46: 3 | W46: 4 | X46: 4 | Y46: 2 | Z46: 1 | AA46: 2 | AB46: 1 | AC46: 2 | AD46: 2 | AE46: 2 | AF46: 1 | AG46: 3 | AH46: 5 | AI46: 12 | AJ46: 4 | AK46: 10
A79: Season | B79: Position | D79: Points | E79: Wins | F79: Draws | G79: Losses | H79: GF | I79: GA | J79: GD
A80: 1992/1993 | B80: 10 | D80: 56 | E80: 15 | F80: 11 | G80: 16 | H80: 40 | I80: 38 | J80: =H80-I80 -> 2 | K80: GEORGE GRAHAM | Y80: W | Z80: D | AA80: L | AC80: W% | AD80: D% | AE80: L%
A81: 1993/1994 | B81: 4 | D81: 71 | E81: 18 | F81: 17 | G81: 7 | H81: 53 | I81: 28 | J81: =H81-I81 -> 25 | W81: Arsene Wenger | Y81: =COUNTIF(L3:AG40,3) -> 481 | Z81: =COUNTIF(L3:AG40,1) -> 201 | AA81: =COUNTIF(L3:AG40,0) -> 154 | AC81: =Y81/SUM($Y$81:$AA$81) -> 0.57535885 | AD81: =Z81/SUM($Y$81:$AA$81) -> 0.24043062 | AE81: =AA81/SUM($Y$81:$AA$81) -> 0.18421053
A82: 1994/1995 | B82: 12 | D82: 51 | E82: 13 | F82: 12 | G82: 17 | H82: 52 | I82: 49 | J82: =H82-I82 -> 3 | K82: GRAHAM/HOUSTON | W82: Unai Emery | Y82: =COUNTIF(K3:K40,3)+COUNTIF(J3:J15,3) -> 25 | Z82: =COUNTIF(K3:K40,1)+COUNTIF(J3:J15,1) -> 13 | AA82: =COUNTIF(K3:K40,0)+COUNTIF(J3:J15,0) -> 13 | AC82: =Y82/SUM($Y$82:$AA$82) -> 0.49019608 | AD82: =Z82/SUM($Y$82:$AA$82) -> 0.25490196 | AE82: =AA82/SUM($Y$82:$AA$82) -> 0.25490196
A83: 1995/1996 | B83: 5 | D83: 63 | E83: 17 | F83: 12 | G83: 9 | H83: 49 | I83: 32 | J83: =H83-I83 -> 17 | K83: BRUCE RIOCH | W83: Mikel Arteta | Y83: 224 | Z83: 60 | AA83: 76 | AC83: =Y83/SUM($Y$83:$AA$83) -> 0.62222222 | AD83: =Z83/SUM($Y$83:$AA$83) -> 0.16666667 | AE83: =AA83/SUM($Y$83:$AA$83) -> 0.21111111
A84: 1996/1997 | B84: 3 | D84: 68 | E84: 19 | F84: 11 | G84: 8 | H84: 62 | I84: 32 | J84: =H84-I84 -> 30 | K84: ARSENE WENGER
A85: 1997/1998 | B85: 1 | D85: 78 | E85: 23 | F85: 9 | G85: 6 | H85: 68 | I85: 33 | J85: =H85-I85 -> 35
A86: 1998/1999 | B86: 2 | D86: 78 | E86: 22 | F86: 12 | G86: 4 | H86: 59 | I86: 17 | J86: =H86-I86 -> 42
A87: 1999/2000 | B87: 2 | D87: 73 | E87: 22 | F87: 7 | G87: 9 | H87: 73 | I87: 43 | J87: =H87-I87 -> 30
A88: 2000/2001 | B88: 2 | D88: 70 | E88: 20 | F88: 10 | G88: 8 | H88: 63 | I88: 38 | J88: =H88-I88 -> 25
A89: 2001/2002 | B89: 1 | D89: 87 | E89: 26 | F89: 9 | G89: 3 | H89: 79 | I89: 36 | J89: =H89-I89 -> 43
A90: 2002/2003 | B90: 2 | D90: 78 | E90: 23 | F90: 9 | G90: 6 | H90: 85 | I90: 42 | J90: =H90-I90 -> 43
A91: 2003/2004 | B91: 1 | D91: 90 | E91: 26 | F91: 12 | G91: 0 | H91: 73 | I91: 26 | J91: =H91-I91 -> 47
A92: 2004/2005 | B92: 2 | D92: 83 | E92: 25 | F92: 8 | G92: 5 | H92: 87 | I92: 36 | J92: =H92-I92 -> 51
A93: 2005/2006 | B93: 4 | D93: 67 | E93: 20 | F93: 7 | G93: 11 | H93: 68 | I93: 31 | J93: =H93-I93 -> 37
A94: 2006/2007 | B94: 4 | D94: 68 | E94: 19 | F94: 11 | G94: 8 | H94: 63 | I94: 35 | J94: =H94-I94 -> 28
A95: 2007/2008 | B95: 3 | D95: 83 | E95: 24 | F95: 11 | G95: 3 | H95: 74 | I95: 31 | J95: =H95-I95 -> 43
A96: 2008/2009 | B96: 4 | D96: 72 | E96: 20 | F96: 12 | G96: 6 | H96: 68 | I96: 37 | J96: =H96-I96 -> 31
... A105: 2017/2018 | B105: 6 | D105: 63 | E105: 19 | F105: 6 | G105: 13 | H105: 74 | I105: 51 | J105: =H105-I105 -> 23
A106: 2018/2019 | B106: 5 | D106: 70 | E106: 21 | F106: 7 | G106: 10 | H106: 72 | I106: 51 | J106: =H106-I106 -> 21 | K106: UNAI EMERY
A107: 2019/2020 | B107: 8 | D107: 56 | E107: 14 | F107: 14 | G107: 10 | H107: 56 | I107: 48 | J107: =H107-I107 -> 8 | K107: EMERY/LJUNGBERG/ARTETA
A108: 2020/2021 | B108: 8 | D108: 61 | E108: 18 | F108: 7 | G108: 13 | H108: 55 | I108: 39 | J108: =H108-I108 -> 16 | K108: MIKEL ARTETA
A109: 2021/2022 | B109: 5 | D109: 69 | E109: 22 | F109: 3 | G109: 13 | H109: 61 | I109: 48 | J109: =H109-I109 -> 13
A110: 2022/2023 | B110: 2 | D110: 84 | E110: 26 | F110: 6 | G110: 6 | H110: 88 | I110: 43 | J110: =H110-I110 -> 45
A111: 2023/2024 | B111: 2 | D111: 89 | E111: 28 | F111: 5 | G111: 5 | H111: 91 | I111: 29 | J111: =H111-I111 -> 62
A112: 2024/2025 | B112: 2 | D112: =SUM(E112*3+F112) -> 74 | E112: =COUNTIF(E3:E40,3) -> 20 | F112: =COUNTIF(E3:E40,1) -> 14 | G112: =COUNTIF(E3:E40,0) -> 4 | H112: 67 | I112: 33 | J112: =H112-I112 -> 34
A113: 2025/2026 | B113: 1 | D113: =SUM(E113*3+F113) -> 85 | E113: =COUNTIF(D3:D41,3) -> 26 | F113: =COUNTIF(D3:D41,1) -> 7 | G113: =COUNTIF(D3:D41,0) -> 5 | H113: 69 | I113: 26 | J113: =H113-I113 -> 43
A114: 2026/2027 | D114: =SUM(E114*3+F114) -> 12 | E114: =COUNTIF(C3:C41,3) -> 4 | F114: =COUNTIF(C3:C41,1) -> 0 | G114: =COUNTIF(C3:C41,0) -> 1 | H114: =Match!R4 -> 10 | I114: =Match!S4 -> 5 | J114: =H114-I114 -> 5

Sheet Match
A1: NEXT GAME | F1: LAST GAME
L2: Pos | M2: Team | N2: Pld | O2: W | P2: D | Q2: L | R2: GF | S2: GA | T2: GD | U2: Pts
A3: Date | B3: Time | C3: Competition | D3: Club | E3: H/A | F3: Date | G3: Score | H3: Competition | I3: Club | J3: H/A | L3: 1 | M3: Manchester City | N3: 6 | O3: 6 | P3: 0 | Q3: 0 | R3: 16 | S3: 5 | T3: 11 | U3: 18
A4: 13.10.2026 | B4: 0.875 | C4: Champions League | D4: Lille OSC | E4: Emirates Stadium (H) | F4: 10.10.2026 | G4: 2-1 | H4: Premier League | I4: Leeds United | J4: Emirates Stadium (H) | L4: 2 | M4: Arsenal | N4: 6 | O4: 5 | P4: 0 | Q4: 1 | R4: 10 | S4: 5 | T4: 5 | U4: 15
L5: 3 | M5: Brighton & Hove Albion | N5: 6 | O5: 4 | P5: 1 | Q5: 1 | R5: 18 | S5: 5 | T5: 13 | U5: 13
L6: 4 | M6: Brentford | N6: 6 | O6: 2 | P6: 4 | Q6: 0 | R6: 12 | S6: 6 | T6: 6 | U6: 10
L7: 5 | M7: Everton | N7: 6 | O7: 2 | P7: 4 | Q7: 0 | R7: 8 | S7: 5 | T7: 3 | U7: 10
L8: 6 | M8: Chelsea | N8: 6 | O8: 3 | P8: 1 | Q8: 2 | R8: 15 | S8: 13 | T8: 2 | U8: 10
L9: 7 | M9: Leeds United | N9: 6 | O9: 2 | P9: 3 | Q9: 1 | R9: 8 | S9: 5 | T9: 3 | U9: 9
L10: 8 | M10: Hull City | N10: 6 | O10: 2 | P10: 3 | Q10: 1 | R10: 8 | S10: 6 | T10: 2 | U10: 9
L11: 9 | M11: Liverpool | N11: 6 | O11: 2 | P11: 3 | Q11: 1 | R11: 7 | S11: 7 | T11: 0 | U11: 9
L12: 10 | M12: Ipswich Town | N12: 6 | O12: 3 | P12: 0 | Q12: 3 | R12: 9 | S12: 12 | T12: −3 | U12: 9
L13: 11 | M13: Newcastle United | N13: 5 | O13: 2 | P13: 2 | Q13: 1 | R13: 9 | S13: 9 | T13: 0 | U13: 8
L14: 12 | M14: Crystal Palace | N14: 6 | O14: 2 | P14: 1 | Q14: 3 | R14: 9 | S14: 12 | T14: −3 | U14: 7
L15: 13 | M15: Manchester United | N15: 6 | O15: 1 | P15: 3 | Q15: 2 | R15: 9 | S15: 9 | T15: 0 | U15: 6
L16: 14 | M16: Nottingham Forest | N16: 6 | O16: 1 | P16: 2 | Q16: 3 | R16: 5 | S16: 8 | T16: −3 | U16: 5
L17: 15 | M17: Aston Villa | N17: 6 | O17: 1 | P17: 2 | Q17: 3 | R17: 6 | S17: 11 | T17: −5 | U17: 5
L18: 16 | M18: Sunderland | N18: 6 | O18: 1 | P18: 1 | Q18: 4 | R18: 6 | S18: 12 | T18: −6 | U18: 4
L19: 17 | M19: Bournemouth | N19: 6 | O19: 0 | P19: 3 | Q19: 3 | R19: 7 | S19: 13 | T19: −6 | U19: 3
L20: 18 | M20: Tottenham Hotspur | N20: 6 | O20: 0 | P20: 3 | Q20: 3 | R20: 3 | S20: 9 | T20: −6 | U20: 3
L21: 19 | M21: Coventry City | N21: 5 | O21: 1 | P21: 0 | Q21: 4 | R21: 1 | S21: 10 | T21: −9 | U21: 3
L22: 20 | M22: Fulham | N22: 6 | O22: 0 | P22: 2 | Q22: 4 | R22: 6 | S22: 10 | T22: −4 | U22: 2

Sheet Ratings
A1: Pos | B1: Name | C1: Rating | D1: Status | E1: Goal/Assist
A2: GK | B2: Raya | C2: 7.6 | D2: 90
A3: LB | B3: Calafiori | C3: 7.6 | D3: Subbed | E3: G
A4: CB | B4: Gabriel | C4: 6.3 | D4: 90
A5: CB | B5: Konsa | C5: 7.4 | D5: 90
A6: RB | B6: White | C6: 7.7 | D6: Subbed | E6: A
A7: CM | B7: Rice | C7: 7.5 | D7: 90 | E7: A
A8: CM | B8: Lewis-Skelly | C8: 7.2 | D8: Subbed
A9: CAM | B9: Odegaard | C9: 7.1 | D9: Subbed
A10: LW | B10: Madueke | C10: 8.1 | D10: 90
A11: RW | B11: Saka | C11: 6.8 | D11: 90
A12: ST | B12: Havertz | C12: 6.4 | D12: Subbed
A13: RB | B13: Timber | C13: 6.6 | D13: Sub
A14: CM | B14: Bruno | C14: 8.2 | D14: Sub | E14: G
A15: ST | B15: Gyokeres | C15: 7.1 | D15: Sub
A16: CAM | B16: Merino | C16: - | D16: Sub
A17: LB | B17: Hincapie | C17: - | D17: Sub

Sheet All-time records
A1: Most Appearances | C1: Statistics | H1: Most Goals | J1: Statistics
A2: # | B2: Name | C2: Apps | D2: Goals | E2: Ratio | H2: # | I2: Name | J2: Goals | K2: Apps | L2: Ratio
A3: 1 | B3: O'LEARY David | C3: 716 | D3: 14 | E3: =C3/D3 -> 51.142857 | H3: 1 | I3: HENRY Thierry | J3: 228 | K3: 377 | L3: =J3/K3 -> 0.60477454
A4: 2 | B4: ADAMS Tony | C4: 669 | D4: 48 | E4: =C4/D4 -> 13.9375 | H4: 2 | I4: WRIGHT Ian | J4: 185 | K4: 288 | L4: =J4/K4 -> 0.64236111
A5: 3 | B5: ARMSTRONG George | C5: 621 | D5: 68 | E5: =C5/D5 -> 9.1323529 | H5: 3 | I5: BASTIN Cliff | J5: 178 | K5: 396 | L5: =J5/K5 -> 0.44949495
A6: 4 | B6: DIXON Lee | C6: 619 | D6: 28 | E6: =C6/D6 -> 22.107143 | H6: 4 | I6: RADFORD John | J6: 149 | K6: 481 | L6: =J6/K6 -> 0.30977131
A7: 5 | B7: WINTERBURN Nigel | C7: 584 | D7: 12 | E7: =C7/D7 -> 48.666667 | H7: 5 | I7: DRAKE Ted | J7: 139 | K7: 184 | L7: =J7/K7 -> 0.75543478
A8: 6 | B8: SEAMAN David | C8: 564 | D8: 0 | E8: 0 | H8: 6 | I8: BRAIN Jimmy | J8: 139 | K8: 232 | L8: =J8/K8 -> 0.59913793
A9: 7 | B9: RICE Pat | C9: 528 | D9: 13 | E9: =C9/D9 -> 40.615385 | H9: 7 | I9: LISHMAN Doug | J9: 137 | K9: 244 | L9: =J9/K9 -> 0.56147541
A10: 8 | B10: STOREY Peter | C10: 501 | D10: 17 | E10: =C10/D10 -> 29.470588 | H10: 8 | I10: VAN PERSIE Robin | J10: 132 | K10: 278 | L10: =J10/K10 -> 0.47482014
A11: 9 | B11: RADFORD John | C11: 481 | D11: 149 | E11: =C11/D11 -> 3.2281879 | H11: 9 | I11: HULME Joe | J11: 125 | K11: 374 | L11: =J11/K11 -> 0.3342246
A12: 10 | B12: SIMPSON Peter | C12: 477 | D12: 15 | E12: =C12/D12 -> 31.8 | H12: 10 | I12: JACK David | J12: 124 | K12: 208 | L12: =J12/K12 -> 0.59615385
A13: 11 | B13: JOHN Bob | C13: 470 | D13: 13 | E13: =C13/D13 -> 36.153846 | H13: 11 | I13: BERGKAMP Dennis | J13: 120 | K13: 423 | L13: =J13/K13 -> 0.28368794
A14: 12 | B14: RIX Graham | C14: 464 | D14: 51 | E14: =C14/D14 -> 9.0980392 | H14: 12 | I14: LEWIS Reg | J14: 118 | K14: 176 | L14: =J14/K14 -> 0.67045455
A15: 13 | B15: PARLOUR Ray | C15: 464 | D15: 32 | E15: =C15/D15 -> 14.5 | H15: 13 | I15: SMITH Alan | J15: 115 | K15: 347 | L15: =J15/K15 -> 0.3314121
A16: 14 | B16: KEOWN Martin | C16: 449 | D16: 8 | E16: =C16/D16 -> 56.125 | H16: 14 | I16: LAMBERT Jack | J16: 109 | K16: 161 | L16: =J16/K16 -> 0.67701863
A17: 15 | B17: DAVIS Paul | C17: 447 | D17: 37 | E17: =C17/D17 -> 12.081081 | H17: 15 | I17: STAPLETON Frank | J17: 108 | K17: 300 | L17: =J17/K17 -> 0.36
A18: 16 | B18: HAPGOOD Eddie | C18: 440 | D18: 2 | E18: =C18/D18 -> 220 | H18: 16 | I18: WALCOTT Theo | J18: 108 | K18: 397 | L18: =J18/K18 -> 0.2720403
A19: 17 | B19: BERGKAMP Denis | C19: 423 | D19: 120 | E19: =C19/D19 -> 3.525 | H19: 17 | I19: HERD David | J19: 107 | K19: 180 | L19: =J19/K19 -> 0.59444444
A20: 18 | B20: MERSON Paul | C20: 423 | D20: 99 | E20: =C20/D20 -> 4.2727273 | H20: 18 | I20: GIROUD Olivier | J20: 105 | K20: 253 | L20: =J20/K20 -> 0.41501976
... A29: 27 | B29: RAMSEY Aaron | C29: 369 | D29: 64 | E29: =C29/D29 -> 5.765625 | H29: 27 | I29: SANCHEZ Alexis | J29: 80 | K29: 166 | L29: =J29/K29 -> 0.48192771
A30: 28 | B30: MCNAB Bob | C30: 365 | D30: 6 | E30: =C30/D30 -> 60.833333 | H30: 28 | I30: SAKA Bukayo | J30: ='Apps & Goals'!U10 -> 84 | K30: ='Apps & Goals'!T10 -> 320 | L30: =J30/K30 -> 0.2625
A31: 29 | B31: KOSCIELNY Laurent | C31: 353 | D31: 27 | E31: =C31/D31 -> 13.074074 | H31: 29 | I31: STRONG Geoff | J31: 77 | K31: 137 | L31: =J31/K31 -> 0.5620438
A32: 30 | B32: KELSEY Jack | C32: 352 | D32: 0 | E32: 0 | H32: 30 | I32: GRAHAM George | J32: 77 | K32: 308 | L32: =J32/K32 -> 0.25
